-- --------------------------------------------------------
-- Host:                         127.0.0.1
-- Versi贸n del servidor:         8.0.29 - MySQL Community Server - GPL
-- SO del servidor:              Win64
-- HeidiSQL Versi贸n:             11.3.0.6295
-- --------------------------------------------------------

/*!40101 SET @OLD_CHARACTER_SET_CLIENT=@@CHARACTER_SET_CLIENT */;
/*!40101 SET NAMES utf8 */;
/*!50503 SET NAMES utf8mb4 */;
/*!40014 SET @OLD_FOREIGN_KEY_CHECKS=@@FOREIGN_KEY_CHECKS, FOREIGN_KEY_CHECKS=0 */;
/*!40101 SET @OLD_SQL_MODE=@@SQL_MODE, SQL_MODE='NO_AUTO_VALUE_ON_ZERO' */;
/*!40111 SET @OLD_SQL_NOTES=@@SQL_NOTES, SQL_NOTES=0 */;


-- Volcando estructura de base de datos para nominas
CREATE DATABASE IF NOT EXISTS `nominas` /*!40100 DEFAULT CHARACTER SET utf8mb4 COLLATE utf8mb4_0900_ai_ci */ /*!80016 DEFAULT ENCRYPTION='N' */;
USE `nominas`;

-- Volcando estructura para tabla nominas.categorias
CREATE TABLE IF NOT EXISTS `categorias` (
  `IdCategoria` int NOT NULL AUTO_INCREMENT,
  `NombreCategoria` varchar(75) DEFAULT NULL,
  `SalarioBaseCategoria` double DEFAULT NULL,
  `ComplementoCategoria` double DEFAULT NULL,
  PRIMARY KEY (`IdCategoria`)
) ENGINE=InnoDB AUTO_INCREMENT=15 DEFAULT CHARSET=utf8mb4 COLLATE=utf8mb4_0900_ai_ci;

-- Volcando datos para la tabla nominas.categorias: ~0 rows (aproximadamente)
DELETE FROM `categorias`;
/*!40000 ALTER TABLE `categorias` DISABLE KEYS */;
INSERT INTO `categorias` (`IdCategoria`, `NombreCategoria`, `SalarioBaseCategoria`, `ComplementoCategoria`) VALUES
	(1, 'Ordenanza', 16500, 1500),
	(2, 'Programador', 17500, 2750),
	(3, 'Analista', 21500, 3750),
	(4, 'Limpiador', 12500, 1200),
	(5, 'Administrativo', 14500, 1900),
	(6, 'Cuidador', 20500, 1500),
	(7, 'Operador', 13000, 1950),
	(8, 'Auxiliar', 13500, 1800),
	(9, 'Jefe divisi贸n', 26500, 4900),
	(10, 'Calefactor', 11500, 1250),
	(11, 'Jefe de servicio', 31500, 4500),
	(12, 'Coordinador', 32000, 5800),
	(13, 'Cocinero', 15000, 1600),
	(14, 'Jefe de secci贸n', 19500, 3750);
/*!40000 ALTER TABLE `categorias` ENABLE KEYS */;

-- Volcando estructura para tabla nominas.empresas
CREATE TABLE IF NOT EXISTS `empresas` (
  `IdEmpresa` int NOT NULL AUTO_INCREMENT,
  `Nombre` varchar(100) DEFAULT NULL,
  `CIF` varchar(10) DEFAULT NULL,
  PRIMARY KEY (`IdEmpresa`)
) ENGINE=InnoDB AUTO_INCREMENT=7 DEFAULT CHARSET=utf8mb4 COLLATE=utf8mb4_0900_ai_ci;

-- Volcando datos para la tabla nominas.empresas: ~0 rows (aproximadamente)
DELETE FROM `empresas`;
/*!40000 ALTER TABLE `empresas` DISABLE KEYS */;
INSERT INTO `empresas` (`IdEmpresa`, `Nombre`, `CIF`) VALUES
	(1, 'Asoftware', 'P2418823C'),
	(2, 'TecnoLeonSL', 'P2472621I'),
	(3, 'TecnoProyectSL', 'P2456841A'),
	(4, 'PBlankSA', 'P2492876R'),
	(5, 'APhonSA', 'P2463928T'),
	(6, 'TecnoLeonSL', 'P2272621I');
/*!40000 ALTER TABLE `empresas` ENABLE KEYS */;

-- Volcando estructura para tabla nominas.nomina
CREATE TABLE IF NOT EXISTS `nomina` (
  `IdNomina` int NOT NULL AUTO_INCREMENT,
  `Mes` int NOT NULL,
  `Anio` int NOT NULL,
  `NumeroTrienios` int DEFAULT NULL,
  `ImporteTrienios` double DEFAULT NULL,
  `ImporteSalarioMes` double DEFAULT NULL,
  `ImporteComplementoMes` double DEFAULT NULL,
  `ValorProrrateo` double DEFAULT NULL,
  `BrutoAnual` double DEFAULT NULL,
  `IRPF` double DEFAULT NULL,
  `ImporteIRPF` double DEFAULT NULL,
  `BaseEmpresario` double DEFAULT NULL,
  `SeguridadSocialEmpresario` double DEFAULT NULL,
  `ImporteSeguridadSocialEmpresario` double DEFAULT NULL,
  `DesempleoEmpresario` double DEFAULT NULL,
  `ImporteDesempleoEmpresario` double DEFAULT NULL,
  `FormacionEmpresario` double DEFAULT NULL,
  `ImporteFormacionEmpresario` double DEFAULT NULL,
  `AccidentesTrabajoEmpresario` double DEFAULT NULL,
  `ImporteAccidentesTrabajoEmpresario` double DEFAULT NULL,
  `FOGASAEmpresario` double DEFAULT NULL,
  `ImporteFOGASAEmpresario` double DEFAULT NULL,
  `SeguridadSocialTrabajador` double DEFAULT NULL,
  `ImporteSeguridadSocialTrabajador` double DEFAULT NULL,
  `DesempleoTrabajador` double DEFAULT NULL,
  `ImporteDesempleoTrabajador` double DEFAULT NULL,
  `FormacionTrabajador` double DEFAULT NULL,
  `ImporteFormacionTrabajador` double DEFAULT NULL,
  `BrutoNomina` double DEFAULT NULL,
  `LiquidoNomina` double DEFAULT NULL,
  `CosteTotalEmpresario` double DEFAULT NULL,
  `IdTrabajador` int DEFAULT NULL,
  PRIMARY KEY (`IdNomina`),
  KEY `FK_IDTRABJ_NOM` (`IdTrabajador`),
  CONSTRAINT `FK_IDTRABJ_NOM` FOREIGN KEY (`IdTrabajador`) REFERENCES `trabajadorbbdd` (`IdTrabajador`)
) ENGINE=InnoDB AUTO_INCREMENT=247 DEFAULT CHARSET=utf8mb4 COLLATE=utf8mb4_0900_ai_ci;

-- Volcando datos para la tabla nominas.nomina: ~0 rows (aproximadamente)
DELETE FROM `nomina`;
/*!40000 ALTER TABLE `nomina` DISABLE KEYS */;
INSERT INTO `nomina` (`IdNomina`, `Mes`, `Anio`, `NumeroTrienios`, `ImporteTrienios`, `ImporteSalarioMes`, `ImporteComplementoMes`, `ValorProrrateo`, `BrutoAnual`, `IRPF`, `ImporteIRPF`, `BaseEmpresario`, `SeguridadSocialEmpresario`, `ImporteSeguridadSocialEmpresario`, `DesempleoEmpresario`, `ImporteDesempleoEmpresario`, `FormacionEmpresario`, `ImporteFormacionEmpresario`, `AccidentesTrabajoEmpresario`, `ImporteAccidentesTrabajoEmpresario`, `FOGASAEmpresario`, `ImporteFOGASAEmpresario`, `SeguridadSocialTrabajador`, `ImporteSeguridadSocialTrabajador`, `DesempleoTrabajador`, `ImporteDesempleoTrabajador`, `FormacionTrabajador`, `ImporteFormacionTrabajador`, `BrutoNomina`, `LiquidoNomina`, `CosteTotalEmpresario`, `IdTrabajador`) VALUES
	(1, 5, 2021, 1, 20, 1178.5714285714287, 107.14285714285714, 217.61904761904762, 18280, 11.95, 182.03833333333333, 1523.3333333333333, 23.6, 359.50666666666666, 6.7, 102.06333333333333, 0.6, 9.139999999999999, 1, 15.233333333333333, 0.2, 3.046666666666667, 4.7, 71.59666666666666, 1.6, 24.373333333333335, 0.1, 1.5233333333333334, 1523.3333333333333, 1243.8016666666665, 488.99, 1),
	(2, 5, 2021, 1, 20, 1178.5714285714287, 107.14285714285714, 0, 18280, 11.95, 156.03285714285713, 1523.3333333333333, 23.6, 359.50666666666666, 6.7, 102.06333333333333, 0.6, 9.139999999999999, 1, 15.233333333333333, 0.2, 3.046666666666667, 4.7, 71.59666666666666, 1.6, 24.373333333333335, 0.1, 1.5233333333333334, 1305.7142857142858, 1052.1880952380955, 488.99, 2),
	(3, 5, 2021, 0, 0, 1250, 196.42857142857142, 241.07142857142856, 20253.333333333332, 13, 219.375, 1687.5, 23.6, 398.25, 6.7, 113.0625, 0.6, 10.125, 1, 16.875, 0.2, 3.375, 4.7, 79.3125, 1.6, 27, 0.1, 1.6875, 1687.5, 1360.125, 541.6875, 3),
	(4, 5, 2021, 0, 0, 1250, 196.42857142857142, 0, 20250, 13, 188.03571428571428, 1687.5, 23.6, 398.25, 6.7, 113.0625, 0.6, 10.125, 1, 16.875, 0.2, 3.375, 4.7, 79.3125, 1.6, 27, 0.1, 1.6875, 1446.4285714285713, 1150.392857142857, 541.6875, 4),
	(5, 5, 2021, 0, 0, 1535.7142857142858, 267.85714285714283, 0, 25250, 15.5, 279.55357142857144, 2104.1666666666665, 23.6, 496.58333333333337, 6.7, 140.97916666666666, 0.6, 12.624999999999998, 1, 21.041666666666664, 0.2, 4.208333333333333, 4.7, 98.89583333333331, 1.6, 33.666666666666664, 0.1, 2.1041666666666665, 1803.5714285714287, 1389.3511904761904, 675.4375, 5),
	(6, 5, 2021, 2, 30, 892.8571428571429, 85.71428571428571, 168.0952380952381, 14123.333333333334, 8.7, 102.37, 1176.6666666666667, 23.6, 277.6933333333334, 6.7, 78.83666666666667, 0.6, 7.06, 1, 11.766666666666667, 0.2, 2.3533333333333335, 4.7, 55.30333333333334, 1.6, 18.826666666666668, 0.1, 1.1766666666666667, 1176.6666666666667, 998.9900000000001, 377.7100000000001, 6),
	(7, 5, 2021, 2, 30, 892.8571428571429, 85.71428571428571, 0, 14120, 8.7, 87.74571428571427, 1176.6666666666667, 23.6, 277.6933333333334, 6.7, 78.83666666666667, 0.6, 7.06, 1, 11.766666666666667, 0.2, 2.3533333333333335, 4.7, 55.30333333333334, 1.6, 18.826666666666668, 0.1, 1.1766666666666667, 1008.5714285714286, 845.5190476190476, 377.7100000000001, 7),
	(8, 5, 2021, 2, 30, 1250, 196.42857142857142, 246.07142857142856, 20673.333333333332, 13, 223.925, 1722.5, 23.6, 406.51, 6.7, 115.4075, 0.6, 10.335, 1, 17.225, 0.2, 3.445, 4.7, 80.9575, 1.6, 27.56, 0.1, 1.7225, 1722.5, 1388.335, 552.9225000000001, 8),
	(9, 5, 2021, 2, 30, 1250, 196.42857142857142, 246.07142857142856, 20670, 13, 223.925, 1722.5, 23.6, 406.51, 6.7, 115.4075, 0.6, 10.335, 1, 17.225, 0.2, 3.445, 4.7, 80.9575, 1.6, 27.56, 0.1, 1.7225, 1722.5, 1388.335, 552.9225000000001, 9),
	(10, 5, 2021, 2, 30, 1035.7142857142858, 135.71428571428572, 200.23809523809527, 16820, 10.55, 147.87583333333336, 1401.6666666666667, 23.6, 330.79333333333335, 6.7, 93.91166666666668, 0.6, 8.41, 1, 14.016666666666667, 0.2, 2.8033333333333337, 4.7, 65.87833333333334, 1.6, 22.42666666666667, 0.1, 1.4016666666666668, 1401.6666666666667, 1164.0841666666668, 449.93500000000006, 10),
	(11, 5, 2021, 2, 30, 1035.7142857142858, 135.71428571428572, 0, 16820, 10.55, 126.75071428571428, 1401.6666666666667, 23.6, 330.79333333333335, 6.7, 93.91166666666668, 0.6, 8.41, 1, 14.016666666666667, 0.2, 2.8033333333333337, 4.7, 65.87833333333334, 1.6, 22.42666666666667, 0.1, 1.4016666666666668, 1201.4285714285713, 984.9711904761904, 449.93500000000006, 11),
	(12, 5, 2021, 4, 65, 1464.2857142857142, 107.14285714285714, 0, 22910, 13.85, 226.64535714285714, 1909.1666666666667, 23.6, 450.56333333333333, 6.7, 127.91416666666667, 0.6, 11.455, 1, 19.09166666666667, 0.2, 3.818333333333334, 4.7, 89.73083333333334, 1.6, 30.54666666666667, 0.1, 1.909166666666667, 1636.4285714285713, 1287.5965476190477, 612.8425000000001, 12),
	(13, 5, 2021, 4, 65, 1464.2857142857142, 107.14285714285714, 0, 22910, 13.85, 226.64535714285714, 1909.1666666666667, 23.6, 450.56333333333333, 6.7, 127.91416666666667, 0.6, 11.455, 1, 19.09166666666667, 0.2, 3.818333333333334, 4.7, 89.73083333333334, 1.6, 30.54666666666667, 0.1, 1.909166666666667, 1636.4285714285713, 1287.5965476190477, 612.8425000000001, 13),
	(14, 5, 2021, 5, 75, 928.5714285714286, 139.28571428571428, 0, 16000, 9.75, 111.42857142857143, 1333.3333333333333, 23.6, 314.6666666666667, 6.7, 89.33333333333334, 0.6, 7.999999999999999, 1, 13.333333333333332, 0.2, 2.666666666666667, 4.7, 62.66666666666667, 1.6, 21.333333333333336, 0.1, 1.3333333333333335, 1142.857142857143, 946.0952380952382, 428, 14),
	(15, 5, 2021, 0, 0, 1464.2857142857142, 107.14285714285714, 261.90476190476187, 22000, 13.4, 245.66666666666669, 1833.3333333333333, 23.6, 432.66666666666663, 6.7, 122.83333333333334, 0.6, 11, 1, 18.333333333333332, 0.2, 3.666666666666667, 4.7, 86.16666666666666, 1.6, 29.333333333333336, 0.1, 1.8333333333333335, 1833.3333333333333, 1470.3333333333333, 588.5, 15),
	(16, 5, 2021, 7, 95, 1178.5714285714287, 107.14285714285714, 0, 19330, 12.35, 170.51821428571427, 1610.8333333333333, 23.6, 380.15666666666664, 6.7, 107.92583333333334, 0.6, 9.665, 1, 16.108333333333334, 0.2, 3.2216666666666667, 4.7, 75.70916666666668, 1.6, 25.773333333333333, 0.1, 1.6108333333333333, 1380.7142857142858, 1107.102738095238, 517.0775, 16),
	(17, 5, 2021, 2, 30, 1035.7142857142858, 135.71428571428572, 200.23809523809527, 16823.333333333332, 10.55, 147.87583333333336, 1401.6666666666667, 23.6, 330.79333333333335, 6.7, 93.91166666666668, 0.6, 8.41, 1, 14.016666666666667, 0.2, 2.8033333333333337, 4.7, 65.87833333333334, 1.6, 22.42666666666667, 0.1, 1.4016666666666668, 1401.6666666666667, 1164.0841666666668, 449.93500000000006, 17),
	(18, 5, 2021, 3, 50, 1250, 196.42857142857142, 249.4047619047619, 20950, 13, 226.95833333333331, 1745.8333333333333, 23.6, 412.01666666666665, 6.7, 116.97083333333335, 0.6, 10.475, 1, 17.458333333333332, 0.2, 3.4916666666666667, 4.7, 82.05416666666666, 1.6, 27.933333333333334, 0.1, 1.7458333333333333, 1745.8333333333333, 1407.1416666666667, 560.4125, 18),
	(19, 5, 2021, 0, 0, 964.2857142857143, 128.57142857142858, 0, 15300, 9.75, 106.55357142857143, 1275, 23.6, 300.9, 6.7, 85.425, 0.6, 7.65, 1, 12.75, 0.2, 2.55, 4.7, 59.925, 1.6, 20.4, 0.1, 1.275, 1092.857142857143, 904.7035714285715, 409.275, 19),
	(20, 5, 2021, 2, 30, 964.2857142857143, 128.57142857142858, 0, 15720, 9.75, 109.47857142857143, 1310, 23.6, 309.16, 6.7, 87.77, 0.6, 7.86, 1, 13.1, 0.2, 2.62, 4.7, 61.57, 1.6, 20.96, 0.1, 1.31, 1122.857142857143, 929.5385714285716, 420.51000000000005, 20),
	(21, 5, 2021, 3, 50, 928.5714285714286, 139.28571428571428, 0, 15650, 9.75, 108.99107142857143, 1304.1666666666667, 23.6, 307.78333333333336, 6.7, 87.37916666666668, 0.6, 7.825, 1, 13.041666666666668, 0.2, 2.608333333333334, 4.7, 61.29583333333334, 1.6, 20.86666666666667, 0.1, 1.304166666666667, 1117.857142857143, 925.399404761905, 418.63750000000005, 21),
	(22, 5, 2021, 3, 50, 928.5714285714286, 139.28571428571428, 186.30952380952382, 15652.5, 9.75, 127.15625, 1304.1666666666667, 23.6, 307.78333333333336, 6.7, 87.37916666666668, 0.6, 7.825, 1, 13.041666666666668, 0.2, 2.608333333333334, 4.7, 61.29583333333334, 1.6, 20.86666666666667, 0.1, 1.304166666666667, 1304.1666666666667, 1093.5437500000003, 418.63750000000005, 22),
	(23, 5, 2021, 3, 50, 1178.5714285714287, 107.14285714285714, 222.61904761904762, 18702.5, 11.95, 186.22083333333333, 1558.3333333333333, 23.6, 367.76666666666665, 6.7, 104.40833333333335, 0.6, 9.35, 1, 15.583333333333332, 0.2, 3.1166666666666667, 4.7, 73.24166666666667, 1.6, 24.933333333333334, 0.1, 1.5583333333333333, 1558.3333333333333, 1272.3791666666666, 500.225, 23),
	(24, 5, 2021, 8, 105, 964.2857142857143, 128.57142857142858, 199.64285714285714, 16770, 10.55, 147.43625000000003, 1397.5, 23.6, 329.81, 6.7, 93.6325, 0.6, 8.385, 1, 13.975, 0.2, 2.795, 4.7, 65.6825, 1.6, 22.36, 0.1, 1.3975, 1397.5, 1160.6237500000002, 448.5975, 24),
	(25, 5, 2021, 3, 50, 928.5714285714286, 139.28571428571428, 0, 15650, 9.75, 108.99107142857143, 1304.1666666666667, 23.6, 307.78333333333336, 6.7, 87.37916666666668, 0.6, 7.825, 1, 13.041666666666668, 0.2, 2.608333333333334, 4.7, 61.29583333333334, 1.6, 20.86666666666667, 0.1, 1.304166666666667, 1117.857142857143, 925.399404761905, 418.63750000000005, 25),
	(26, 5, 2021, 7, 95, 1250, 196.42857142857142, 256.90476190476187, 21580, 13.4, 240.9766666666667, 1798.3333333333333, 23.6, 424.40666666666664, 6.7, 120.48833333333334, 0.6, 10.79, 1, 17.983333333333334, 0.2, 3.5966666666666667, 4.7, 84.52166666666666, 1.6, 28.773333333333333, 0.1, 1.7983333333333333, 1798.3333333333333, 1442.263333333333, 577.265, 26),
	(27, 5, 2021, 7, 95, 964.2857142857143, 128.57142857142858, 0, 16630, 10.55, 125.31892857142859, 1385.8333333333333, 23.6, 327.0566666666667, 6.7, 92.85083333333334, 0.6, 8.315, 1, 13.858333333333333, 0.2, 2.771666666666667, 4.7, 65.13416666666667, 1.6, 22.173333333333336, 0.1, 1.3858333333333335, 1187.857142857143, 973.8448809523809, 444.8525, 27),
	(28, 5, 2021, 5, 75, 964.2857142857143, 128.57142857142858, 0, 16350, 10.55, 123.20892857142859, 1362.5, 23.6, 321.55, 6.7, 91.2875, 0.6, 8.175, 1, 13.625, 0.2, 2.725, 4.7, 64.0375, 1.6, 21.8, 0.1, 1.3625, 1167.857142857143, 957.4482142857145, 437.3625, 28),
	(29, 5, 2021, 5, 75, 1178.5714285714287, 107.14285714285714, 0, 19050, 12.35, 168.04821428571427, 1587.5, 23.6, 374.65, 6.7, 106.3625, 0.6, 9.525, 1, 15.875, 0.2, 3.175, 4.7, 74.6125, 1.6, 25.4, 0.1, 1.5875, 1360.7142857142858, 1091.0660714285714, 509.5875, 29),
	(30, 5, 2021, 4, 65, 1892.857142857143, 350, 384.64285714285717, 32310, 18.35, 494.0737500000001, 2692.5, 23.6, 635.4300000000001, 6.7, 180.3975, 0.6, 16.155, 1, 26.925, 0.2, 5.385, 4.7, 126.5475, 1.6, 43.08, 0.1, 2.6925, 2692.5, 2026.1062499999998, 864.2925, 30),
	(31, 5, 2021, 3, 50, 928.5714285714286, 139.28571428571428, 186.30952380952382, 15650, 9.75, 127.15625, 1304.1666666666667, 23.6, 307.78333333333336, 6.7, 87.37916666666668, 0.6, 7.825, 1, 13.041666666666668, 0.2, 2.608333333333334, 4.7, 61.29583333333334, 1.6, 20.86666666666667, 0.1, 1.304166666666667, 1304.1666666666667, 1093.5437500000003, 418.63750000000005, 31),
	(32, 5, 2021, 6, 88, 1535.7142857142858, 267.85714285714283, 315.26190476190476, 26482, 16, 353.09333333333336, 2206.8333333333335, 23.6, 520.8126666666667, 6.7, 147.85783333333336, 0.6, 13.241000000000001, 1, 22.068333333333335, 0.2, 4.413666666666668, 4.7, 103.72116666666669, 1.6, 35.30933333333334, 0.1, 2.206833333333334, 2206.8333333333335, 1712.5026666666672, 708.3935000000001, 32),
	(33, 5, 2021, 7, 95, 821.4285714285714, 89.28571428571429, 167.61904761904762, 14080, 8.7, 102.07999999999998, 1173.3333333333333, 23.6, 276.9066666666667, 6.7, 78.61333333333333, 0.6, 7.039999999999999, 1, 11.733333333333333, 0.2, 2.3466666666666667, 4.7, 55.14666666666667, 1.6, 18.773333333333333, 0.1, 1.1733333333333333, 1173.3333333333333, 996.1599999999999, 376.6400000000001, 33),
	(34, 5, 2021, 3, 50, 892.8571428571429, 85.71428571428571, 0, 14400, 8.7, 89.4857142857143, 1200, 23.6, 283.2, 6.7, 80.4, 0.6, 7.2, 1, 12, 0.2, 2.4, 4.7, 56.4, 1.6, 19.2, 0.1, 1.2, 1028.5714285714287, 862.2857142857143, 385.2, 34),
	(35, 5, 2021, 1, 20, 2250, 321.42857142857144, 431.9047619047619, 36280, 19.45, 588.0383333333334, 3023.3333333333335, 23.6, 713.5066666666667, 6.7, 202.56333333333336, 0.6, 18.14, 1, 30.233333333333334, 0.2, 6.046666666666668, 4.7, 142.0966666666667, 1.6, 48.37333333333334, 0.1, 3.023333333333334, 3023.3333333333335, 2241.8016666666663, 970.49, 35),
	(36, 5, 2021, 4, 65, 1250, 196.42857142857142, 251.9047619047619, 21160, 13.4, 236.2866666666667, 1763.3333333333333, 23.6, 416.14666666666665, 6.7, 118.14333333333335, 0.6, 10.58, 1, 17.633333333333333, 0.2, 3.526666666666667, 4.7, 82.87666666666667, 1.6, 28.213333333333335, 0.1, 1.7633333333333334, 1763.3333333333333, 1414.1933333333332, 566.03, 36),
	(37, 5, 2021, 6, 88, 964.2857142857143, 128.57142857142858, 196.80952380952382, 16532, 10.55, 145.34383333333335, 1377.6666666666667, 23.6, 325.12933333333336, 6.7, 92.30366666666667, 0.6, 8.266, 1, 13.776666666666667, 0.2, 2.7553333333333336, 4.7, 64.75033333333334, 1.6, 22.04266666666667, 0.1, 1.3776666666666668, 1377.6666666666667, 1144.1521666666665, 442.23100000000005, 37),
	(38, 5, 2021, 4, 65, 1035.7142857142858, 135.71428571428572, 206.07142857142858, 17310, 11.25, 162.28125, 1442.5, 23.6, 340.43, 6.7, 96.6475, 0.6, 8.655, 1, 14.425, 0.2, 2.885, 4.7, 67.7975, 1.6, 23.08, 0.1, 1.4425, 1442.5, 1187.89875, 463.04249999999996, 38),
	(39, 5, 2021, 1, 20, 1178.5714285714287, 107.14285714285714, 217.61904761904762, 18281.666666666668, 11.95, 182.03833333333333, 1523.3333333333333, 23.6, 359.50666666666666, 6.7, 102.06333333333333, 0.6, 9.139999999999999, 1, 15.233333333333333, 0.2, 3.046666666666667, 4.7, 71.59666666666666, 1.6, 24.373333333333335, 0.1, 1.5233333333333334, 1523.3333333333333, 1243.8016666666665, 488.99, 39),
	(40, 5, 2021, 4, 65, 2285.714285714286, 414.2857142857143, 460.8333333333333, 38710, 20.1, 648.3925, 3225.8333333333335, 23.6, 761.2966666666667, 6.7, 216.13083333333336, 0.6, 19.355, 1, 32.25833333333333, 0.2, 6.451666666666667, 4.7, 151.61416666666668, 1.6, 51.61333333333334, 0.1, 3.2258333333333336, 3225.8333333333335, 2370.9875, 1035.4925000000003, 40),
	(41, 5, 2021, 6, 88, 1071.4285714285713, 114.28571428571429, 212.28571428571425, 17832, 11.25, 167.175, 1486, 23.6, 350.69599999999997, 6.7, 99.56200000000001, 0.6, 8.916, 1, 14.86, 0.2, 2.972, 4.7, 69.842, 1.6, 23.776, 0.1, 1.486, 1486, 1223.7209999999998, 477.006, 41),
	(42, 5, 2021, 1, 20, 964.2857142857143, 128.57142857142858, 185.47619047619048, 15580, 9.75, 126.5875, 1298.3333333333333, 23.6, 306.4066666666667, 6.7, 86.98833333333334, 0.6, 7.789999999999999, 1, 12.983333333333333, 0.2, 2.5966666666666667, 4.7, 61.02166666666667, 1.6, 20.773333333333333, 0.1, 1.2983333333333333, 1298.3333333333333, 1088.6524999999997, 416.7650000000001, 42),
	(43, 5, 2021, 4, 65, 1250, 196.42857142857142, 251.9047619047619, 21160, 13.4, 236.2866666666667, 1763.3333333333333, 23.6, 416.14666666666665, 6.7, 118.14333333333335, 0.6, 10.58, 1, 17.633333333333333, 0.2, 3.526666666666667, 4.7, 82.87666666666667, 1.6, 28.213333333333335, 0.1, 1.7633333333333334, 1763.3333333333333, 1414.1933333333332, 566.03, 43),
	(44, 5, 2021, 3, 50, 2285.714285714286, 414.2857142857143, 0, 38500, 20.1, 552.7500000000001, 3208.3333333333335, 23.6, 757.1666666666667, 6.7, 214.95833333333337, 0.6, 19.25, 1, 32.083333333333336, 0.2, 6.416666666666668, 4.7, 150.79166666666669, 1.6, 51.33333333333334, 0.1, 3.208333333333334, 2750, 1991.9166666666665, 1029.875, 44),
	(45, 5, 2021, 2, 30, 1035.7142857142858, 135.71428571428572, 0, 16820, 10.55, 126.75071428571428, 1401.6666666666667, 23.6, 330.79333333333335, 6.7, 93.91166666666668, 0.6, 8.41, 1, 14.016666666666667, 0.2, 2.8033333333333337, 4.7, 65.87833333333334, 1.6, 22.42666666666667, 0.1, 1.4016666666666668, 1201.4285714285713, 984.9711904761904, 449.93500000000006, 45),
	(46, 5, 2021, 2, 30, 1071.4285714285713, 114.28571428571429, 0, 17020, 11.25, 136.76785714285717, 1418.3333333333333, 23.6, 334.72666666666663, 6.7, 95.02833333333334, 0.6, 8.509999999999998, 1, 14.183333333333332, 0.2, 2.836666666666667, 4.7, 66.66166666666668, 1.6, 22.693333333333335, 0.1, 1.4183333333333334, 1215.7142857142858, 988.1730952380954, 455.28499999999997, 46),
	(47, 5, 2021, 1, 20, 892.8571428571429, 85.71428571428571, 166.42857142857142, 13980, 6.5, 75.725, 1165, 23.6, 274.94, 6.7, 78.055, 0.6, 6.99, 1, 11.65, 0.2, 2.33, 4.7, 54.755, 1.6, 18.64, 0.1, 1.165, 1165, 1014.7149999999998, 373.965, 47),
	(48, 5, 2021, 3, 50, 1035.7142857142858, 135.71428571428572, 0, 17100, 11.25, 137.41071428571428, 1425, 23.6, 336.3, 6.7, 95.475, 0.6, 8.55, 1, 14.25, 0.2, 2.85, 4.7, 66.975, 1.6, 22.8, 0.1, 1.425, 1221.4285714285713, 992.8178571428573, 457.425, 48),
	(49, 5, 2021, 4, 65, 1035.7142857142858, 135.71428571428572, 0, 17310, 11.25, 139.09821428571428, 1442.5, 23.6, 340.43, 6.7, 96.6475, 0.6, 8.655, 1, 14.425, 0.2, 2.885, 4.7, 67.7975, 1.6, 23.08, 0.1, 1.4425, 1236.4285714285713, 1005.0103571428572, 463.04249999999996, 49),
	(50, 5, 2021, 3, 50, 1250, 196.42857142857142, 0, 20950, 13, 194.53571428571428, 1745.8333333333333, 23.6, 412.01666666666665, 6.7, 116.97083333333335, 0.6, 10.475, 1, 17.458333333333332, 0.2, 3.4916666666666667, 4.7, 82.05416666666666, 1.6, 27.933333333333334, 0.1, 1.7458333333333333, 1496.4285714285713, 1190.1595238095238, 560.4125, 50),
	(51, 5, 2021, 1, 20, 2285.714285714286, 414.2857142857143, 0, 38080, 20.1, 546.72, 3173.3333333333335, 23.6, 748.9066666666668, 6.7, 212.61333333333334, 0.6, 19.04, 1, 31.733333333333334, 0.2, 6.346666666666668, 4.7, 149.14666666666668, 1.6, 50.77333333333334, 0.1, 3.173333333333334, 2720, 1970.1866666666667, 1018.6400000000001, 51),
	(52, 5, 2021, 3, 50, 2285.714285714286, 414.2857142857143, 458.3333333333333, 38500, 20.1, 644.8750000000001, 3208.3333333333335, 23.6, 757.1666666666667, 6.7, 214.95833333333337, 0.6, 19.25, 1, 32.083333333333336, 0.2, 6.416666666666668, 4.7, 150.79166666666669, 1.6, 51.33333333333334, 0.1, 3.208333333333334, 3208.3333333333335, 2358.125, 1029.875, 52),
	(53, 5, 2021, 5, 75, 2285.714285714286, 414.2857142857143, 0, 38850, 20.1, 557.7750000000001, 3237.5, 23.6, 764.05, 6.7, 216.9125, 0.6, 19.425, 1, 32.375, 0.2, 6.475, 4.7, 152.1625, 1.6, 51.8, 0.1, 3.2375, 2775, 2010.0249999999996, 1039.2375, 53),
	(54, 5, 2021, 2, 30, 1178.5714285714287, 107.14285714285714, 0, 18420, 11.95, 157.22785714285715, 1535, 23.6, 362.26, 6.7, 102.845, 0.6, 9.21, 1, 15.35, 0.2, 3.07, 4.7, 72.145, 1.6, 24.56, 0.1, 1.535, 1315.7142857142858, 1060.2464285714286, 492.735, 54),
	(55, 5, 2021, 4, 65, 1071.4285714285713, 114.28571428571429, 208.45238095238093, 17510, 11.25, 164.15625, 1459.1666666666667, 23.6, 344.36333333333334, 6.7, 97.76416666666668, 0.6, 8.755, 1, 14.591666666666667, 0.2, 2.918333333333334, 4.7, 68.58083333333335, 1.6, 23.34666666666667, 0.1, 1.459166666666667, 1459.1666666666667, 1201.62375, 468.39250000000004, 55),
	(56, 5, 2021, 2, 30, 928.5714285714286, 139.28571428571428, 0, 15370, 9.75, 107.04107142857143, 1280.8333333333333, 23.6, 302.2766666666667, 6.7, 85.81583333333334, 0.6, 7.684999999999999, 1, 12.808333333333332, 0.2, 2.561666666666667, 4.7, 60.19916666666667, 1.6, 20.493333333333336, 0.1, 1.2808333333333335, 1097.857142857143, 908.842738095238, 411.14750000000004, 56),
	(57, 5, 2021, 5, 75, 928.5714285714286, 139.28571428571428, 190.47619047619048, 16000, 9.75, 130, 1333.3333333333333, 23.6, 314.6666666666667, 6.7, 89.33333333333334, 0.6, 7.999999999999999, 1, 13.333333333333332, 0.2, 2.666666666666667, 4.7, 62.66666666666667, 1.6, 21.333333333333336, 0.1, 1.3333333333333335, 1333.3333333333333, 1118, 428, 57),
	(58, 5, 2021, 3, 50, 1178.5714285714287, 107.14285714285714, 0, 18700, 11.95, 159.61785714285713, 1558.3333333333333, 23.6, 367.76666666666665, 6.7, 104.40833333333335, 0.6, 9.35, 1, 15.583333333333332, 0.2, 3.1166666666666667, 4.7, 73.24166666666667, 1.6, 24.933333333333334, 0.1, 1.5583333333333333, 1335.7142857142858, 1076.363095238095, 500.225, 58),
	(59, 5, 2021, 2, 30, 1250, 196.42857142857142, 246.07142857142856, 20673.333333333332, 13, 223.925, 1722.5, 23.6, 406.51, 6.7, 115.4075, 0.6, 10.335, 1, 17.225, 0.2, 3.445, 4.7, 80.9575, 1.6, 27.56, 0.1, 1.7225, 1722.5, 1388.335, 552.9225000000001, 59),
	(60, 5, 2021, 1, 20, 1071.4285714285713, 114.28571428571429, 0, 16880, 10.55, 127.20285714285716, 1406.6666666666667, 23.6, 331.97333333333336, 6.7, 94.24666666666668, 0.6, 8.44, 1, 14.066666666666668, 0.2, 2.813333333333334, 4.7, 66.11333333333334, 1.6, 22.50666666666667, 0.1, 1.406666666666667, 1205.7142857142858, 988.484761904762, 451.54, 60),
	(61, 5, 2021, 7, 95, 1250, 196.42857142857142, 0, 21580, 13.4, 206.55142857142854, 1798.3333333333333, 23.6, 424.40666666666664, 6.7, 120.48833333333334, 0.6, 10.79, 1, 17.983333333333334, 0.2, 3.5966666666666667, 4.7, 84.52166666666666, 1.6, 28.773333333333333, 0.1, 1.7983333333333333, 1541.4285714285713, 1219.7838095238094, 577.265, 61),
	(62, 5, 2021, 4, 65, 892.8571428571429, 85.71428571428571, 0, 14610, 8.7, 90.79071428571429, 1217.5, 23.6, 287.33, 6.7, 81.5725, 0.6, 7.305, 1, 12.175, 0.2, 2.435, 4.7, 57.2225, 1.6, 19.48, 0.1, 1.2175, 1043.5714285714287, 874.8607142857144, 390.8175, 62),
	(63, 5, 2021, 1, 20, 928.5714285714286, 139.28571428571428, 181.30952380952382, 15230, 9.75, 123.74375, 1269.1666666666667, 23.6, 299.52333333333337, 6.7, 85.03416666666668, 0.6, 7.615, 1, 12.691666666666668, 0.2, 2.5383333333333336, 4.7, 59.65083333333334, 1.6, 20.30666666666667, 0.1, 1.2691666666666668, 1269.1666666666667, 1064.19625, 407.4025000000001, 63),
	(64, 5, 2021, 2, 30, 1178.5714285714287, 107.14285714285714, 0, 18420, 11.95, 157.22785714285715, 1535, 23.6, 362.26, 6.7, 102.845, 0.6, 9.21, 1, 15.35, 0.2, 3.07, 4.7, 72.145, 1.6, 24.56, 0.1, 1.535, 1315.7142857142858, 1060.2464285714286, 492.735, 64),
	(65, 5, 2021, 3, 50, 964.2857142857143, 128.57142857142858, 0, 16000, 9.75, 111.42857142857143, 1333.3333333333333, 23.6, 314.6666666666667, 6.7, 89.33333333333334, 0.6, 7.999999999999999, 1, 13.333333333333332, 0.2, 2.666666666666667, 4.7, 62.66666666666667, 1.6, 21.333333333333336, 0.1, 1.3333333333333335, 1142.857142857143, 946.0952380952382, 428, 65),
	(66, 5, 2021, 4, 65, 1035.7142857142858, 135.71428571428572, 0, 17310, 11.25, 139.09821428571428, 1442.5, 23.6, 340.43, 6.7, 96.6475, 0.6, 8.655, 1, 14.425, 0.2, 2.885, 4.7, 67.7975, 1.6, 23.08, 0.1, 1.4425, 1236.4285714285713, 1005.0103571428572, 463.04249999999996, 66),
	(67, 5, 2021, 4, 65, 1392.857142857143, 267.85714285714283, 0, 24160, 15, 258.8571428571429, 2013.3333333333333, 23.6, 475.14666666666665, 6.7, 134.89333333333335, 0.6, 12.08, 1, 20.133333333333333, 0.2, 4.026666666666667, 4.7, 94.62666666666667, 1.6, 32.21333333333334, 0.1, 2.0133333333333336, 1725.7142857142858, 1338.0038095238097, 646.28, 67),
	(68, 5, 2021, 6, 88, 1035.7142857142858, 135.71428571428572, 209.90476190476193, 17632, 11.25, 165.3, 1469.3333333333333, 23.6, 346.7626666666667, 6.7, 98.44533333333332, 0.6, 8.815999999999999, 1, 14.693333333333333, 0.2, 2.9386666666666668, 4.7, 69.05866666666667, 1.6, 23.509333333333334, 0.1, 1.4693333333333334, 1469.3333333333333, 1209.996, 471.656, 68),
	(69, 5, 2021, 7, 95, 1250, 196.42857142857142, 256.90476190476187, 21580, 13.4, 240.9766666666667, 1798.3333333333333, 23.6, 424.40666666666664, 6.7, 120.48833333333334, 0.6, 10.79, 1, 17.983333333333334, 0.2, 3.5966666666666667, 4.7, 84.52166666666666, 1.6, 28.773333333333333, 0.1, 1.7983333333333333, 1798.3333333333333, 1442.263333333333, 577.265, 69),
	(70, 5, 2021, 2, 30, 928.5714285714286, 139.28571428571428, 0, 15370, 9.75, 107.04107142857143, 1280.8333333333333, 23.6, 302.2766666666667, 6.7, 85.81583333333334, 0.6, 7.684999999999999, 1, 12.808333333333332, 0.2, 2.561666666666667, 4.7, 60.19916666666667, 1.6, 20.493333333333336, 0.1, 1.2808333333333335, 1097.857142857143, 908.842738095238, 411.14750000000004, 70),
	(71, 5, 2021, 3, 50, 964.2857142857143, 128.57142857142858, 0, 16000, 9.75, 111.42857142857143, 1333.3333333333333, 23.6, 314.6666666666667, 6.7, 89.33333333333334, 0.6, 7.999999999999999, 1, 13.333333333333332, 0.2, 2.666666666666667, 4.7, 62.66666666666667, 1.6, 21.333333333333336, 0.1, 1.3333333333333335, 1142.857142857143, 946.0952380952382, 428, 71),
	(72, 5, 2021, 3, 50, 892.8571428571429, 85.71428571428571, 171.42857142857142, 14400, 8.7, 104.4, 1200, 23.6, 283.2, 6.7, 80.4, 0.6, 7.2, 1, 12, 0.2, 2.4, 4.7, 56.4, 1.6, 19.2, 0.1, 1.2, 1200, 1018.7999999999998, 385.2, 72),
	(73, 5, 2021, 2, 30, 1392.857142857143, 267.85714285714283, 281.7857142857143, 23670, 14.25, 281.08125, 1972.5, 23.6, 465.51, 6.7, 132.1575, 0.6, 11.835, 1, 19.725, 0.2, 3.945, 4.7, 92.7075, 1.6, 31.56, 0.1, 1.9725, 1972.5, 1565.17875, 633.1725000000001, 73),
	(74, 5, 2021, 0, 0, 1071.4285714285713, 114.28571428571429, 197.6190476190476, 16603.333333333332, 10.55, 145.94166666666666, 1383.3333333333333, 23.6, 326.4666666666667, 6.7, 92.68333333333334, 0.6, 8.299999999999999, 1, 13.833333333333332, 0.2, 2.766666666666667, 4.7, 65.01666666666667, 1.6, 22.133333333333336, 0.1, 1.3833333333333335, 1383.3333333333333, 1148.8583333333331, 444.05, 74),
	(75, 5, 2021, 5, 75, 1892.857142857143, 350, 0, 32450, 18.35, 425.32678571428573, 2704.1666666666665, 23.6, 638.1833333333334, 6.7, 181.17916666666667, 0.6, 16.224999999999998, 1, 27.041666666666664, 0.2, 5.408333333333334, 4.7, 127.09583333333335, 1.6, 43.26666666666667, 0.1, 2.704166666666667, 2317.8571428571427, 1719.4636904761899, 868.0375, 75),
	(76, 5, 2021, 6, 88, 1178.5714285714287, 107.14285714285714, 228.95238095238096, 19233.166666666664, 12.35, 197.92933333333335, 1602.6666666666667, 23.6, 378.22933333333333, 6.7, 107.37866666666667, 0.6, 9.616, 1, 16.026666666666667, 0.2, 3.205333333333334, 4.7, 75.32533333333333, 1.6, 25.64266666666667, 0.1, 1.602666666666667, 1602.6666666666667, 1302.1666666666667, 514.456, 76),
	(77, 5, 2021, 1, 20, 928.5714285714286, 139.28571428571428, 0, 15230, 9.75, 106.06607142857143, 1269.1666666666667, 23.6, 299.52333333333337, 6.7, 85.03416666666668, 0.6, 7.615, 1, 12.691666666666668, 0.2, 2.5383333333333336, 4.7, 59.65083333333334, 1.6, 20.30666666666667, 0.1, 1.2691666666666668, 1087.857142857143, 900.5644047619048, 407.4025000000001, 77),
	(78, 5, 2021, 5, 75, 964.2857142857143, 128.57142857142858, 194.64285714285714, 16350, 10.55, 143.74375, 1362.5, 23.6, 321.55, 6.7, 91.2875, 0.6, 8.175, 1, 13.625, 0.2, 2.725, 4.7, 64.0375, 1.6, 21.8, 0.1, 1.3625, 1362.5, 1131.55625, 437.3625, 78),
	(79, 5, 2021, 1, 20, 928.5714285714286, 139.28571428571428, 181.30952380952382, 15230, 9.75, 123.74375, 1269.1666666666667, 23.6, 299.52333333333337, 6.7, 85.03416666666668, 0.6, 7.615, 1, 12.691666666666668, 0.2, 2.5383333333333336, 4.7, 59.65083333333334, 1.6, 20.30666666666667, 0.1, 1.2691666666666668, 1269.1666666666667, 1064.19625, 407.4025000000001, 79),
	(80, 5, 2021, 0, 0, 1035.7142857142858, 135.71428571428572, 0, 16400, 10.55, 123.58571428571427, 1366.6666666666667, 23.6, 322.53333333333336, 6.7, 91.56666666666668, 0.6, 8.2, 1, 13.666666666666668, 0.2, 2.733333333333334, 4.7, 64.23333333333333, 1.6, 21.86666666666667, 0.1, 1.366666666666667, 1171.4285714285713, 960.3761904761906, 438.70000000000005, 80),
	(81, 5, 2021, 2, 30, 1178.5714285714287, 107.14285714285714, 0, 18420, 11.95, 157.22785714285715, 1535, 23.6, 362.26, 6.7, 102.845, 0.6, 9.21, 1, 15.35, 0.2, 3.07, 4.7, 72.145, 1.6, 24.56, 0.1, 1.535, 1315.7142857142858, 1060.2464285714286, 492.735, 81),
	(82, 5, 2021, 5, 75, 928.5714285714286, 139.28571428571428, 0, 16000, 9.75, 111.42857142857143, 1333.3333333333333, 23.6, 314.6666666666667, 6.7, 89.33333333333334, 0.6, 7.999999999999999, 1, 13.333333333333332, 0.2, 2.666666666666667, 4.7, 62.66666666666667, 1.6, 21.333333333333336, 0.1, 1.3333333333333335, 1142.857142857143, 946.0952380952382, 428, 82),
	(83, 5, 2021, 6, 88, 928.5714285714286, 139.28571428571428, 0, 16182, 10.55, 121.94292857142858, 1348.5, 23.6, 318.24600000000004, 6.7, 90.3495, 0.6, 8.091000000000001, 1, 13.485, 0.2, 2.697, 4.7, 63.3795, 1.6, 21.576, 0.1, 1.3485, 1155.857142857143, 947.6102142857142, 432.86850000000004, 83),
	(84, 5, 2021, 5, 75, 2250, 321.42857142857144, 441.0714285714286, 37050, 19.85, 612.8687500000001, 3087.5, 23.6, 728.65, 6.7, 206.8625, 0.6, 18.525, 1, 30.875, 0.2, 6.175, 4.7, 145.1125, 1.6, 49.4, 0.1, 3.0875, 3087.5, 2277.0312499999995, 991.0875, 84),
	(85, 5, 2021, 5, 75, 928.5714285714286, 139.28571428571428, 0, 16000, 9.75, 111.42857142857143, 1333.3333333333333, 23.6, 314.6666666666667, 6.7, 89.33333333333334, 0.6, 7.999999999999999, 1, 13.333333333333332, 0.2, 2.666666666666667, 4.7, 62.66666666666667, 1.6, 21.333333333333336, 0.1, 1.3333333333333335, 1142.857142857143, 946.0952380952382, 428, 85),
	(86, 5, 2021, 1, 20, 964.2857142857143, 128.57142857142858, 0, 15580, 9.75, 108.50357142857143, 1298.3333333333333, 23.6, 306.4066666666667, 6.7, 86.98833333333334, 0.6, 7.789999999999999, 1, 12.983333333333333, 0.2, 2.5966666666666667, 4.7, 61.02166666666667, 1.6, 20.773333333333333, 0.1, 1.2983333333333333, 1112.857142857143, 921.260238095238, 416.7650000000001, 86),
	(87, 5, 2021, 2, 30, 1250, 196.42857142857142, 0, 20670, 13, 191.93571428571428, 1722.5, 23.6, 406.51, 6.7, 115.4075, 0.6, 10.335, 1, 17.225, 0.2, 3.445, 4.7, 80.9575, 1.6, 27.56, 0.1, 1.7225, 1476.4285714285713, 1174.252857142857, 552.9225000000001, 87),
	(88, 5, 2021, 3, 50, 1535.7142857142858, 267.85714285714283, 0, 25950, 15.5, 287.30357142857144, 2162.5, 23.6, 510.35, 6.7, 144.8875, 0.6, 12.975, 1, 21.625, 0.2, 4.325, 4.7, 101.6375, 1.6, 34.6, 0.1, 2.1625, 1853.5714285714287, 1427.8678571428572, 694.1625, 88),
	(89, 5, 2021, 4, 65, 1250, 196.42857142857142, 0, 21160, 13.4, 202.53142857142856, 1763.3333333333333, 23.6, 416.14666666666665, 6.7, 118.14333333333335, 0.6, 10.58, 1, 17.633333333333333, 0.2, 3.526666666666667, 4.7, 82.87666666666667, 1.6, 28.213333333333335, 0.1, 1.7633333333333334, 1511.4285714285713, 1196.0438095238094, 566.03, 89),
	(90, 5, 2021, 4, 65, 1392.857142857143, 267.85714285714283, 0, 24160, 15, 258.8571428571429, 2013.3333333333333, 23.6, 475.14666666666665, 6.7, 134.89333333333335, 0.6, 12.08, 1, 20.133333333333333, 0.2, 4.026666666666667, 4.7, 94.62666666666667, 1.6, 32.21333333333334, 0.1, 2.0133333333333336, 1725.7142857142858, 1338.0038095238097, 646.28, 90),
	(91, 5, 2021, 0, 0, 1035.7142857142858, 135.71428571428572, 0, 10738.095238095237, 2, 23.428571428571427, 1366.6666666666667, 23.6, 322.53333333333336, 6.7, 91.56666666666668, 0.6, 8.2, 1, 13.666666666666668, 0.2, 2.733333333333334, 4.7, 64.23333333333333, 1.6, 21.86666666666667, 0.1, 1.366666666666667, 1171.4285714285713, 1060.5333333333335, 438.70000000000005, 91),
	(92, 5, 2021, 2, 30, 892.8571428571429, 85.71428571428571, 0, 14120, 8.7, 87.74571428571427, 1176.6666666666667, 23.6, 277.6933333333334, 6.7, 78.83666666666667, 0.6, 7.06, 1, 11.766666666666667, 0.2, 2.3533333333333335, 4.7, 55.30333333333334, 1.6, 18.826666666666668, 0.1, 1.1766666666666667, 1008.5714285714286, 845.5190476190476, 377.7100000000001, 92),
	(93, 5, 2021, 0, 0, 1892.857142857143, 350, 0, 31400, 18, 403.71428571428567, 2616.6666666666665, 23.6, 617.5333333333333, 6.7, 175.3166666666667, 0.6, 15.699999999999998, 1, 26.166666666666664, 0.2, 5.233333333333333, 4.7, 122.98333333333333, 1.6, 41.86666666666667, 0.1, 2.6166666666666667, 2242.8571428571427, 1671.6761904761902, 839.95, 93),
	(94, 5, 2021, 0, 0, 1392.857142857143, 267.85714285714283, 0, 23250, 14.25, 236.65178571428572, 1937.5, 23.6, 457.25, 6.7, 129.8125, 0.6, 11.625, 1, 19.375, 0.2, 3.875, 4.7, 91.0625, 1.6, 31, 0.1, 1.9375, 1660.7142857142858, 1300.0625, 621.9375, 94),
	(95, 5, 2021, 2, 30, 892.8571428571429, 85.71428571428571, 0, 14120, 8.7, 87.74571428571427, 1176.6666666666667, 23.6, 277.6933333333334, 6.7, 78.83666666666667, 0.6, 7.06, 1, 11.766666666666667, 0.2, 2.3533333333333335, 4.7, 55.30333333333334, 1.6, 18.826666666666668, 0.1, 1.1766666666666667, 1008.5714285714286, 845.5190476190476, 377.7100000000001, 95),
	(96, 6, 2022, 1, 20, 1178.5714285714287, 107.14285714285714, 217.61904761904762, 18280, 11.95, 182.03833333333333, 1523.3333333333333, 23.6, 359.50666666666666, 6.7, 102.06333333333333, 0.6, 9.139999999999999, 1, 15.233333333333333, 0.2, 3.046666666666667, 4.7, 71.59666666666666, 1.6, 24.373333333333335, 0.1, 1.5233333333333334, 1523.3333333333333, 1243.8016666666665, 488.99, 1),
	(97, 6, 2022, 1, 20, 1178.5714285714287, 107.14285714285714, 0, 18280, 11.95, 156.03285714285713, 1523.3333333333333, 23.6, 359.50666666666666, 6.7, 102.06333333333333, 0.6, 9.139999999999999, 1, 15.233333333333333, 0.2, 3.046666666666667, 4.7, 71.59666666666666, 1.6, 24.373333333333335, 0.1, 1.5233333333333334, 1305.7142857142858, 1052.1880952380955, 488.99, 2),
	(98, 6, 2022, 1, 20, 1178.5714285714287, 107.14285714285714, 0, 18280, 11.95, 156.03285714285713, 0, 23.6, 0, 6.7, 0, 0.6, 0, 1, 0, 0.2, 0, 4.7, 0, 1.6, 0, 0.1, 0, 1305.7142857142858, 1149.6814285714286, 0, 2),
	(99, 6, 2022, 1, 20, 1250, 196.42857142857142, 244.4047619047619, 20530, 13, 222.40833333333333, 1710.8333333333333, 23.6, 403.75666666666666, 6.7, 114.62583333333333, 0.6, 10.265, 1, 17.108333333333334, 0.2, 3.421666666666667, 4.7, 80.40916666666666, 1.6, 27.373333333333335, 0.1, 1.7108333333333334, 1710.8333333333333, 1378.9316666666666, 549.1774999999999, 3),
	(100, 6, 2022, 1, 20, 1250, 196.42857142857142, 0, 20530, 13, 190.63571428571427, 1710.8333333333333, 23.6, 403.75666666666666, 6.7, 114.62583333333333, 0.6, 10.265, 1, 17.108333333333334, 0.2, 3.421666666666667, 4.7, 80.40916666666666, 1.6, 27.373333333333335, 0.1, 1.7108333333333334, 1466.4285714285713, 1166.2995238095236, 549.1774999999999, 4),
	(101, 6, 2022, 1, 20, 1250, 196.42857142857142, 0, 20530, 13, 190.63571428571427, 0, 23.6, 0, 6.7, 0, 0.6, 0, 1, 0, 0.2, 0, 4.7, 0, 1.6, 0, 0.1, 0, 1466.4285714285713, 1275.792857142857, 0, 4),
	(102, 6, 2022, 0, 0, 1535.7142857142858, 267.85714285714283, 0, 25250, 15.5, 279.55357142857144, 2104.1666666666665, 23.6, 496.58333333333337, 6.7, 140.97916666666666, 0.6, 12.624999999999998, 1, 21.041666666666664, 0.2, 4.208333333333333, 4.7, 98.89583333333331, 1.6, 33.666666666666664, 0.1, 2.1041666666666665, 1803.5714285714287, 1389.3511904761904, 675.4375, 5),
	(103, 6, 2022, 0, 0, 1535.7142857142858, 267.85714285714283, 0, 25250, 15.5, 279.55357142857144, 0, 23.6, 0, 6.7, 0, 0.6, 0, 1, 0, 0.2, 0, 4.7, 0, 1.6, 0, 0.1, 0, 1803.5714285714287, 1524.0178571428573, 0, 5),
	(104, 6, 2022, 3, 50, 892.8571428571429, 85.71428571428571, 171.42857142857142, 14400, 8.7, 104.4, 1200, 23.6, 283.2, 6.7, 80.4, 0.6, 7.2, 1, 12, 0.2, 2.4, 4.7, 56.4, 1.6, 19.2, 0.1, 1.2, 1200, 1018.7999999999998, 385.2, 6),
	(105, 6, 2022, 3, 50, 892.8571428571429, 85.71428571428571, 0, 14400, 8.7, 89.4857142857143, 1200, 23.6, 283.2, 6.7, 80.4, 0.6, 7.2, 1, 12, 0.2, 2.4, 4.7, 56.4, 1.6, 19.2, 0.1, 1.2, 1028.5714285714287, 862.2857142857143, 385.2, 7),
	(106, 6, 2022, 3, 50, 892.8571428571429, 85.71428571428571, 0, 14400, 8.7, 89.4857142857143, 0, 23.6, 0, 6.7, 0, 0.6, 0, 1, 0, 0.2, 0, 4.7, 0, 1.6, 0, 0.1, 0, 1028.5714285714287, 939.0857142857144, 0, 7),
	(107, 6, 2022, 3, 50, 1250, 196.42857142857142, 249.4047619047619, 20950, 13, 226.95833333333331, 1745.8333333333333, 23.6, 412.01666666666665, 6.7, 116.97083333333335, 0.6, 10.475, 1, 17.458333333333332, 0.2, 3.4916666666666667, 4.7, 82.05416666666666, 1.6, 27.933333333333334, 0.1, 1.7458333333333333, 1745.8333333333333, 1407.1416666666667, 560.4125, 8),
	(108, 6, 2022, 2, 30, 1250, 196.42857142857142, 246.07142857142856, 20673.333333333332, 13, 223.925, 1722.5, 23.6, 406.51, 6.7, 115.4075, 0.6, 10.335, 1, 17.225, 0.2, 3.445, 4.7, 80.9575, 1.6, 27.56, 0.1, 1.7225, 1722.5, 1388.335, 552.9225000000001, 9),
	(109, 6, 2022, 2, 30, 1035.7142857142858, 135.71428571428572, 200.23809523809527, 16823.333333333332, 10.55, 147.87583333333336, 1401.6666666666667, 23.6, 330.79333333333335, 6.7, 93.91166666666668, 0.6, 8.41, 1, 14.016666666666667, 0.2, 2.8033333333333337, 4.7, 65.87833333333334, 1.6, 22.42666666666667, 0.1, 1.4016666666666668, 1401.6666666666667, 1164.0841666666668, 449.93500000000006, 10),
	(110, 6, 2022, 2, 30, 1035.7142857142858, 135.71428571428572, 0, 16820, 10.55, 126.75071428571428, 1401.6666666666667, 23.6, 330.79333333333335, 6.7, 93.91166666666668, 0.6, 8.41, 1, 14.016666666666667, 0.2, 2.8033333333333337, 4.7, 65.87833333333334, 1.6, 22.42666666666667, 0.1, 1.4016666666666668, 1201.4285714285713, 984.9711904761904, 449.93500000000006, 11),
	(111, 6, 2022, 2, 30, 1035.7142857142858, 135.71428571428572, 0, 16820, 10.55, 126.75071428571428, 0, 23.6, 0, 6.7, 0, 0.6, 0, 1, 0, 0.2, 0, 4.7, 0, 1.6, 0, 0.1, 0, 1201.4285714285713, 1074.677857142857, 0, 11),
	(112, 6, 2022, 5, 75, 1464.2857142857142, 107.14285714285714, 0, 23050, 14.25, 234.61607142857142, 1920.8333333333333, 23.6, 453.31666666666666, 6.7, 128.69583333333333, 0.6, 11.525, 1, 19.208333333333332, 0.2, 3.841666666666667, 4.7, 90.27916666666665, 1.6, 30.733333333333334, 0.1, 1.9208333333333334, 1646.4285714285713, 1288.8791666666666, 616.5875000000001, 12),
	(113, 6, 2022, 5, 75, 1464.2857142857142, 107.14285714285714, 0, 23050, 14.25, 234.61607142857142, 0, 23.6, 0, 6.7, 0, 0.6, 0, 1, 0, 0.2, 0, 4.7, 0, 1.6, 0, 0.1, 0, 1646.4285714285713, 1411.8125, 0, 12),
	(114, 6, 2022, 5, 75, 1464.2857142857142, 107.14285714285714, 0, 23050, 14.25, 234.61607142857142, 1920.8333333333333, 23.6, 453.31666666666666, 6.7, 128.69583333333333, 0.6, 11.525, 1, 19.208333333333332, 0.2, 3.841666666666667, 4.7, 90.27916666666665, 1.6, 30.733333333333334, 0.1, 1.9208333333333334, 1646.4285714285713, 1288.8791666666666, 616.5875000000001, 13),
	(115, 6, 2022, 5, 75, 1464.2857142857142, 107.14285714285714, 0, 23050, 14.25, 234.61607142857142, 0, 23.6, 0, 6.7, 0, 0.6, 0, 1, 0, 0.2, 0, 4.7, 0, 1.6, 0, 0.1, 0, 1646.4285714285713, 1411.8125, 0, 13),
	(116, 6, 2022, 5, 75, 928.5714285714286, 139.28571428571428, 0, 16000, 9.75, 111.42857142857143, 1333.3333333333333, 23.6, 314.6666666666667, 6.7, 89.33333333333334, 0.6, 7.999999999999999, 1, 13.333333333333332, 0.2, 2.666666666666667, 4.7, 62.66666666666667, 1.6, 21.333333333333336, 0.1, 1.3333333333333335, 1142.857142857143, 946.0952380952382, 428, 14),
	(117, 6, 2022, 5, 75, 928.5714285714286, 139.28571428571428, 0, 16000, 9.75, 111.42857142857143, 0, 23.6, 0, 6.7, 0, 0.6, 0, 1, 0, 0.2, 0, 4.7, 0, 1.6, 0, 0.1, 0, 1142.857142857143, 1031.4285714285716, 0, 14),
	(118, 6, 2022, 0, 0, 1464.2857142857142, 107.14285714285714, 261.90476190476187, 22003.333333333332, 13.85, 253.91666666666663, 1833.3333333333333, 23.6, 432.66666666666663, 6.7, 122.83333333333334, 0.6, 11, 1, 18.333333333333332, 0.2, 3.666666666666667, 4.7, 86.16666666666666, 1.6, 29.333333333333336, 0.1, 1.8333333333333335, 1833.3333333333333, 1462.0833333333335, 588.5, 15),
	(119, 6, 2022, 7, 95, 1178.5714285714287, 107.14285714285714, 0, 19330, 12.35, 170.51821428571427, 1610.8333333333333, 23.6, 380.15666666666664, 6.7, 107.92583333333334, 0.6, 9.665, 1, 16.108333333333334, 0.2, 3.2216666666666667, 4.7, 75.70916666666668, 1.6, 25.773333333333333, 0.1, 1.6108333333333333, 1380.7142857142858, 1107.102738095238, 517.0775, 16),
	(120, 6, 2022, 7, 95, 1178.5714285714287, 107.14285714285714, 0, 19330, 12.35, 170.51821428571427, 0, 23.6, 0, 6.7, 0, 0.6, 0, 1, 0, 0.2, 0, 4.7, 0, 1.6, 0, 0.1, 0, 1380.7142857142858, 1210.1960714285715, 0, 16),
	(121, 6, 2022, 3, 50, 1035.7142857142858, 135.71428571428572, 203.57142857142858, 17100, 11.25, 160.3125, 1425, 23.6, 336.3, 6.7, 95.475, 0.6, 8.55, 1, 14.25, 0.2, 2.85, 4.7, 66.975, 1.6, 22.8, 0.1, 1.425, 1425, 1173.4875000000002, 457.425, 17),
	(122, 6, 2022, 3, 50, 1250, 196.42857142857142, 249.4047619047619, 20950, 13, 226.95833333333331, 1745.8333333333333, 23.6, 412.01666666666665, 6.7, 116.97083333333335, 0.6, 10.475, 1, 17.458333333333332, 0.2, 3.4916666666666667, 4.7, 82.05416666666666, 1.6, 27.933333333333334, 0.1, 1.7458333333333333, 1745.8333333333333, 1407.1416666666667, 560.4125, 18),
	(123, 6, 2022, 0, 0, 964.2857142857143, 128.57142857142858, 0, 15300, 9.75, 106.55357142857143, 1275, 23.6, 300.9, 6.7, 85.425, 0.6, 7.65, 1, 12.75, 0.2, 2.55, 4.7, 59.925, 1.6, 20.4, 0.1, 1.275, 1092.857142857143, 904.7035714285715, 409.275, 19),
	(124, 6, 2022, 0, 0, 964.2857142857143, 128.57142857142858, 0, 15300, 9.75, 106.55357142857143, 0, 23.6, 0, 6.7, 0, 0.6, 0, 1, 0, 0.2, 0, 4.7, 0, 1.6, 0, 0.1, 0, 1092.857142857143, 986.3035714285714, 0, 19),
	(125, 6, 2022, 2, 30, 964.2857142857143, 128.57142857142858, 0, 15720, 9.75, 109.47857142857143, 1310, 23.6, 309.16, 6.7, 87.77, 0.6, 7.86, 1, 13.1, 0.2, 2.62, 4.7, 61.57, 1.6, 20.96, 0.1, 1.31, 1122.857142857143, 929.5385714285716, 420.51000000000005, 20),
	(126, 6, 2022, 2, 30, 964.2857142857143, 128.57142857142858, 0, 15720, 9.75, 109.47857142857143, 0, 23.6, 0, 6.7, 0, 0.6, 0, 1, 0, 0.2, 0, 4.7, 0, 1.6, 0, 0.1, 0, 1122.857142857143, 1013.3785714285715, 0, 20),
	(127, 6, 2022, 3, 50, 928.5714285714286, 139.28571428571428, 0, 15650, 9.75, 108.99107142857143, 1304.1666666666667, 23.6, 307.78333333333336, 6.7, 87.37916666666668, 0.6, 7.825, 1, 13.041666666666668, 0.2, 2.608333333333334, 4.7, 61.29583333333334, 1.6, 20.86666666666667, 0.1, 1.304166666666667, 1117.857142857143, 925.399404761905, 418.63750000000005, 21),
	(128, 6, 2022, 3, 50, 928.5714285714286, 139.28571428571428, 0, 15650, 9.75, 108.99107142857143, 0, 23.6, 0, 6.7, 0, 0.6, 0, 1, 0, 0.2, 0, 4.7, 0, 1.6, 0, 0.1, 0, 1117.857142857143, 1008.8660714285714, 0, 21),
	(129, 6, 2022, 4, 65, 928.5714285714286, 139.28571428571428, 188.80952380952382, 15860, 9.75, 128.8625, 1321.6666666666667, 23.6, 311.91333333333336, 6.7, 88.55166666666668, 0.6, 7.93, 1, 13.216666666666667, 0.2, 2.6433333333333335, 4.7, 62.11833333333334, 1.6, 21.14666666666667, 0.1, 1.3216666666666668, 1321.6666666666667, 1108.2175, 424.255, 22),
	(130, 6, 2022, 4, 65, 1178.5714285714287, 107.14285714285714, 225.11904761904762, 18910, 11.95, 188.31208333333333, 1575.8333333333333, 23.6, 371.89666666666665, 6.7, 105.58083333333335, 0.6, 9.454999999999998, 1, 15.758333333333333, 0.2, 3.151666666666667, 4.7, 74.06416666666667, 1.6, 25.213333333333335, 0.1, 1.5758333333333334, 1575.8333333333333, 1286.6679166666665, 505.8424999999999, 23),
	(131, 6, 2022, 8, 105, 964.2857142857143, 128.57142857142858, 199.64285714285714, 16770, 10.55, 147.43625000000003, 1397.5, 23.6, 329.81, 6.7, 93.6325, 0.6, 8.385, 1, 13.975, 0.2, 2.795, 4.7, 65.6825, 1.6, 22.36, 0.1, 1.3975, 1397.5, 1160.6237500000002, 448.5975, 24),
	(132, 6, 2022, 3, 50, 928.5714285714286, 139.28571428571428, 0, 15650, 9.75, 108.99107142857143, 1304.1666666666667, 23.6, 307.78333333333336, 6.7, 87.37916666666668, 0.6, 7.825, 1, 13.041666666666668, 0.2, 2.608333333333334, 4.7, 61.29583333333334, 1.6, 20.86666666666667, 0.1, 1.304166666666667, 1117.857142857143, 925.399404761905, 418.63750000000005, 25),
	(133, 6, 2022, 3, 50, 928.5714285714286, 139.28571428571428, 0, 15650, 9.75, 108.99107142857143, 0, 23.6, 0, 6.7, 0, 0.6, 0, 1, 0, 0.2, 0, 4.7, 0, 1.6, 0, 0.1, 0, 1117.857142857143, 1008.8660714285714, 0, 25),
	(134, 6, 2022, 7, 95, 1250, 196.42857142857142, 256.90476190476187, 21581.666666666668, 13.4, 240.9766666666667, 1798.3333333333333, 23.6, 424.40666666666664, 6.7, 120.48833333333334, 0.6, 10.79, 1, 17.983333333333334, 0.2, 3.5966666666666667, 4.7, 84.52166666666666, 1.6, 28.773333333333333, 0.1, 1.7983333333333333, 1798.3333333333333, 1442.263333333333, 577.265, 26),
	(135, 6, 2022, 8, 105, 964.2857142857143, 128.57142857142858, 0, 16770, 10.55, 126.37392857142859, 1397.5, 23.6, 329.81, 6.7, 93.6325, 0.6, 8.385, 1, 13.975, 0.2, 2.795, 4.7, 65.6825, 1.6, 22.36, 0.1, 1.3975, 1197.857142857143, 982.0432142857143, 448.5975, 27),
	(136, 6, 2022, 8, 105, 964.2857142857143, 128.57142857142858, 0, 16770, 10.55, 126.37392857142859, 0, 23.6, 0, 6.7, 0, 0.6, 0, 1, 0, 0.2, 0, 4.7, 0, 1.6, 0, 0.1, 0, 1197.857142857143, 1071.4832142857142, 0, 27),
	(137, 6, 2022, 5, 75, 964.2857142857143, 128.57142857142858, 0, 16350, 10.55, 123.20892857142859, 1362.5, 23.6, 321.55, 6.7, 91.2875, 0.6, 8.175, 1, 13.625, 0.2, 2.725, 4.7, 64.0375, 1.6, 21.8, 0.1, 1.3625, 1167.857142857143, 957.4482142857145, 437.3625, 28),
	(138, 6, 2022, 5, 75, 964.2857142857143, 128.57142857142858, 0, 16350, 10.55, 123.20892857142859, 0, 23.6, 0, 6.7, 0, 0.6, 0, 1, 0, 0.2, 0, 4.7, 0, 1.6, 0, 0.1, 0, 1167.857142857143, 1044.6482142857144, 0, 28),
	(139, 6, 2022, 6, 88, 1178.5714285714287, 107.14285714285714, 0, 19232, 12.35, 169.6537142857143, 1602.6666666666667, 23.6, 378.22933333333333, 6.7, 107.37866666666667, 0.6, 9.616, 1, 16.026666666666667, 0.2, 3.205333333333334, 4.7, 75.32533333333333, 1.6, 25.64266666666667, 0.1, 1.602666666666667, 1373.7142857142858, 1101.4899047619049, 514.456, 29),
	(140, 6, 2022, 6, 88, 1178.5714285714287, 107.14285714285714, 0, 19232, 12.35, 169.6537142857143, 0, 23.6, 0, 6.7, 0, 0.6, 0, 1, 0, 0.2, 0, 4.7, 0, 1.6, 0, 0.1, 0, 1373.7142857142858, 1204.0605714285714, 0, 29),
	(141, 6, 2022, 4, 65, 1892.857142857143, 350, 384.64285714285717, 32310, 18.35, 494.0737500000001, 2692.5, 23.6, 635.4300000000001, 6.7, 180.3975, 0.6, 16.155, 1, 26.925, 0.2, 5.385, 4.7, 126.5475, 1.6, 43.08, 0.1, 2.6925, 2692.5, 2026.1062499999998, 864.2925, 30),
	(142, 6, 2022, 3, 50, 928.5714285714286, 139.28571428571428, 186.30952380952382, 15652.5, 9.75, 127.15625, 1304.1666666666667, 23.6, 307.78333333333336, 6.7, 87.37916666666668, 0.6, 7.825, 1, 13.041666666666668, 0.2, 2.608333333333334, 4.7, 61.29583333333334, 1.6, 20.86666666666667, 0.1, 1.304166666666667, 1304.1666666666667, 1093.5437500000003, 418.63750000000005, 31),
	(143, 6, 2022, 6, 88, 1535.7142857142858, 267.85714285714283, 315.26190476190476, 26482, 16, 353.09333333333336, 2206.8333333333335, 23.6, 520.8126666666667, 6.7, 147.85783333333336, 0.6, 13.241000000000001, 1, 22.068333333333335, 0.2, 4.413666666666668, 4.7, 103.72116666666669, 1.6, 35.30933333333334, 0.1, 2.206833333333334, 2206.8333333333335, 1712.5026666666672, 708.3935000000001, 32),
	(144, 6, 2022, 7, 95, 821.4285714285714, 89.28571428571429, 167.61904761904762, 14081.666666666666, 8.7, 102.07999999999998, 1173.3333333333333, 23.6, 276.9066666666667, 6.7, 78.61333333333333, 0.6, 7.039999999999999, 1, 11.733333333333333, 0.2, 2.3466666666666667, 4.7, 55.14666666666667, 1.6, 18.773333333333333, 0.1, 1.1733333333333333, 1173.3333333333333, 996.1599999999999, 376.6400000000001, 33),
	(145, 6, 2022, 3, 50, 892.8571428571429, 85.71428571428571, 0, 14400, 8.7, 89.4857142857143, 1200, 23.6, 283.2, 6.7, 80.4, 0.6, 7.2, 1, 12, 0.2, 2.4, 4.7, 56.4, 1.6, 19.2, 0.1, 1.2, 1028.5714285714287, 862.2857142857143, 385.2, 34),
	(146, 6, 2022, 3, 50, 892.8571428571429, 85.71428571428571, 0, 14400, 8.7, 89.4857142857143, 0, 23.6, 0, 6.7, 0, 0.6, 0, 1, 0, 0.2, 0, 4.7, 0, 1.6, 0, 0.1, 0, 1028.5714285714287, 939.0857142857144, 0, 34),
	(147, 6, 2022, 1, 20, 2250, 321.42857142857144, 431.9047619047619, 36281.666666666664, 19.45, 588.0383333333334, 3023.3333333333335, 23.6, 713.5066666666667, 6.7, 202.56333333333336, 0.6, 18.14, 1, 30.233333333333334, 0.2, 6.046666666666668, 4.7, 142.0966666666667, 1.6, 48.37333333333334, 0.1, 3.023333333333334, 3023.3333333333335, 2241.8016666666663, 970.49, 35),
	(148, 6, 2022, 4, 65, 1250, 196.42857142857142, 251.9047619047619, 21160, 13.4, 236.2866666666667, 1763.3333333333333, 23.6, 416.14666666666665, 6.7, 118.14333333333335, 0.6, 10.58, 1, 17.633333333333333, 0.2, 3.526666666666667, 4.7, 82.87666666666667, 1.6, 28.213333333333335, 0.1, 1.7633333333333334, 1763.3333333333333, 1414.1933333333332, 566.03, 36),
	(149, 6, 2022, 6, 88, 964.2857142857143, 128.57142857142858, 196.80952380952382, 16532, 10.55, 145.34383333333335, 1377.6666666666667, 23.6, 325.12933333333336, 6.7, 92.30366666666667, 0.6, 8.266, 1, 13.776666666666667, 0.2, 2.7553333333333336, 4.7, 64.75033333333334, 1.6, 22.04266666666667, 0.1, 1.3776666666666668, 1377.6666666666667, 1144.1521666666665, 442.23100000000005, 37),
	(150, 6, 2022, 4, 65, 1035.7142857142858, 135.71428571428572, 206.07142857142858, 17311.666666666668, 11.25, 162.28125, 1442.5, 23.6, 340.43, 6.7, 96.6475, 0.6, 8.655, 1, 14.425, 0.2, 2.885, 4.7, 67.7975, 1.6, 23.08, 0.1, 1.4425, 1442.5, 1187.89875, 463.04249999999996, 38),
	(151, 6, 2022, 2, 30, 1178.5714285714287, 107.14285714285714, 219.2857142857143, 18420, 11.95, 183.4325, 1535, 23.6, 362.26, 6.7, 102.845, 0.6, 9.21, 1, 15.35, 0.2, 3.07, 4.7, 72.145, 1.6, 24.56, 0.1, 1.535, 1535, 1253.3274999999999, 492.735, 39),
	(152, 6, 2022, 4, 65, 2285.714285714286, 414.2857142857143, 460.8333333333333, 38711.666666666664, 20.1, 648.3925, 3225.8333333333335, 23.6, 761.2966666666667, 6.7, 216.13083333333336, 0.6, 19.355, 1, 32.25833333333333, 0.2, 6.451666666666667, 4.7, 151.61416666666668, 1.6, 51.61333333333334, 0.1, 3.2258333333333336, 3225.8333333333335, 2370.9875, 1035.4925000000003, 40),
	(153, 6, 2022, 6, 88, 1071.4285714285713, 114.28571428571429, 212.28571428571425, 17833.166666666664, 11.25, 167.175, 1486, 23.6, 350.69599999999997, 6.7, 99.56200000000001, 0.6, 8.916, 1, 14.86, 0.2, 2.972, 4.7, 69.842, 1.6, 23.776, 0.1, 1.486, 1486, 1223.7209999999998, 477.006, 41),
	(154, 6, 2022, 1, 20, 964.2857142857143, 128.57142857142858, 185.47619047619048, 15581.666666666666, 9.75, 126.5875, 1298.3333333333333, 23.6, 306.4066666666667, 6.7, 86.98833333333334, 0.6, 7.789999999999999, 1, 12.983333333333333, 0.2, 2.5966666666666667, 4.7, 61.02166666666667, 1.6, 20.773333333333333, 0.1, 1.2983333333333333, 1298.3333333333333, 1088.6524999999997, 416.7650000000001, 42),
	(155, 6, 2022, 4, 65, 1250, 196.42857142857142, 251.9047619047619, 21161.666666666668, 13.4, 236.2866666666667, 1763.3333333333333, 23.6, 416.14666666666665, 6.7, 118.14333333333335, 0.6, 10.58, 1, 17.633333333333333, 0.2, 3.526666666666667, 4.7, 82.87666666666667, 1.6, 28.213333333333335, 0.1, 1.7633333333333334, 1763.3333333333333, 1414.1933333333332, 566.03, 43),
	(156, 6, 2022, 3, 50, 2285.714285714286, 414.2857142857143, 0, 38500, 20.1, 552.7500000000001, 3208.3333333333335, 23.6, 757.1666666666667, 6.7, 214.95833333333337, 0.6, 19.25, 1, 32.083333333333336, 0.2, 6.416666666666668, 4.7, 150.79166666666669, 1.6, 51.33333333333334, 0.1, 3.208333333333334, 2750, 1991.9166666666665, 1029.875, 44),
	(157, 6, 2022, 3, 50, 2285.714285714286, 414.2857142857143, 0, 38500, 20.1, 552.7500000000001, 0, 23.6, 0, 6.7, 0, 0.6, 0, 1, 0, 0.2, 0, 4.7, 0, 1.6, 0, 0.1, 0, 2750, 2197.25, 0, 44),
	(158, 6, 2022, 3, 50, 1035.7142857142858, 135.71428571428572, 0, 17100, 11.25, 137.41071428571428, 1425, 23.6, 336.3, 6.7, 95.475, 0.6, 8.55, 1, 14.25, 0.2, 2.85, 4.7, 66.975, 1.6, 22.8, 0.1, 1.425, 1221.4285714285713, 992.8178571428573, 457.425, 45),
	(159, 6, 2022, 3, 50, 1035.7142857142858, 135.71428571428572, 0, 17100, 11.25, 137.41071428571428, 0, 23.6, 0, 6.7, 0, 0.6, 0, 1, 0, 0.2, 0, 4.7, 0, 1.6, 0, 0.1, 0, 1221.4285714285713, 1084.017857142857, 0, 45),
	(160, 6, 2022, 2, 30, 1071.4285714285713, 114.28571428571429, 0, 17020, 11.25, 136.76785714285717, 1418.3333333333333, 23.6, 334.72666666666663, 6.7, 95.02833333333334, 0.6, 8.509999999999998, 1, 14.183333333333332, 0.2, 2.836666666666667, 4.7, 66.66166666666668, 1.6, 22.693333333333335, 0.1, 1.4183333333333334, 1215.7142857142858, 988.1730952380954, 455.28499999999997, 46),
	(161, 6, 2022, 2, 30, 1071.4285714285713, 114.28571428571429, 0, 17020, 11.25, 136.76785714285717, 0, 23.6, 0, 6.7, 0, 0.6, 0, 1, 0, 0.2, 0, 4.7, 0, 1.6, 0, 0.1, 0, 1215.7142857142858, 1078.9464285714287, 0, 46),
	(162, 6, 2022, 1, 20, 892.8571428571429, 85.71428571428571, 166.42857142857142, 13981.666666666666, 6.5, 75.725, 1165, 23.6, 274.94, 6.7, 78.055, 0.6, 6.99, 1, 11.65, 0.2, 2.33, 4.7, 54.755, 1.6, 18.64, 0.1, 1.165, 1165, 1014.7149999999998, 373.965, 47),
	(163, 6, 2022, 3, 50, 1035.7142857142858, 135.71428571428572, 0, 17100, 11.25, 137.41071428571428, 1425, 23.6, 336.3, 6.7, 95.475, 0.6, 8.55, 1, 14.25, 0.2, 2.85, 4.7, 66.975, 1.6, 22.8, 0.1, 1.425, 1221.4285714285713, 992.8178571428573, 457.425, 48),
	(164, 6, 2022, 3, 50, 1035.7142857142858, 135.71428571428572, 0, 17100, 11.25, 137.41071428571428, 0, 23.6, 0, 6.7, 0, 0.6, 0, 1, 0, 0.2, 0, 4.7, 0, 1.6, 0, 0.1, 0, 1221.4285714285713, 1084.017857142857, 0, 48),
	(165, 6, 2022, 4, 65, 1035.7142857142858, 135.71428571428572, 0, 17310, 11.25, 139.09821428571428, 1442.5, 23.6, 340.43, 6.7, 96.6475, 0.6, 8.655, 1, 14.425, 0.2, 2.885, 4.7, 67.7975, 1.6, 23.08, 0.1, 1.4425, 1236.4285714285713, 1005.0103571428572, 463.04249999999996, 49),
	(166, 6, 2022, 4, 65, 1035.7142857142858, 135.71428571428572, 0, 17310, 11.25, 139.09821428571428, 0, 23.6, 0, 6.7, 0, 0.6, 0, 1, 0, 0.2, 0, 4.7, 0, 1.6, 0, 0.1, 0, 1236.4285714285713, 1097.330357142857, 0, 49),
	(167, 6, 2022, 4, 65, 1250, 196.42857142857142, 0, 21160, 13.4, 202.53142857142856, 1763.3333333333333, 23.6, 416.14666666666665, 6.7, 118.14333333333335, 0.6, 10.58, 1, 17.633333333333333, 0.2, 3.526666666666667, 4.7, 82.87666666666667, 1.6, 28.213333333333335, 0.1, 1.7633333333333334, 1511.4285714285713, 1196.0438095238094, 566.03, 50),
	(168, 6, 2022, 4, 65, 1250, 196.42857142857142, 0, 21160, 13.4, 202.53142857142856, 0, 23.6, 0, 6.7, 0, 0.6, 0, 1, 0, 0.2, 0, 4.7, 0, 1.6, 0, 0.1, 0, 1511.4285714285713, 1308.8971428571429, 0, 50),
	(169, 6, 2022, 1, 20, 2285.714285714286, 414.2857142857143, 0, 38080, 20.1, 546.72, 3173.3333333333335, 23.6, 748.9066666666668, 6.7, 212.61333333333334, 0.6, 19.04, 1, 31.733333333333334, 0.2, 6.346666666666668, 4.7, 149.14666666666668, 1.6, 50.77333333333334, 0.1, 3.173333333333334, 2720, 1970.1866666666667, 1018.6400000000001, 51),
	(170, 6, 2022, 1, 20, 2285.714285714286, 414.2857142857143, 0, 38080, 20.1, 546.72, 0, 23.6, 0, 6.7, 0, 0.6, 0, 1, 0, 0.2, 0, 4.7, 0, 1.6, 0, 0.1, 0, 2720, 2173.2799999999997, 0, 51),
	(171, 6, 2022, 3, 50, 2285.714285714286, 414.2857142857143, 458.3333333333333, 38500, 20.1, 644.8750000000001, 3208.3333333333335, 23.6, 757.1666666666667, 6.7, 214.95833333333337, 0.6, 19.25, 1, 32.083333333333336, 0.2, 6.416666666666668, 4.7, 150.79166666666669, 1.6, 51.33333333333334, 0.1, 3.208333333333334, 3208.3333333333335, 2358.125, 1029.875, 52),
	(172, 6, 2022, 5, 75, 2285.714285714286, 414.2857142857143, 0, 38850, 20.1, 557.7750000000001, 3237.5, 23.6, 764.05, 6.7, 216.9125, 0.6, 19.425, 1, 32.375, 0.2, 6.475, 4.7, 152.1625, 1.6, 51.8, 0.1, 3.2375, 2775, 2010.0249999999996, 1039.2375, 53),
	(173, 6, 2022, 5, 75, 2285.714285714286, 414.2857142857143, 0, 38850, 20.1, 557.7750000000001, 0, 23.6, 0, 6.7, 0, 0.6, 0, 1, 0, 0.2, 0, 4.7, 0, 1.6, 0, 0.1, 0, 2775, 2217.225, 0, 53),
	(174, 6, 2022, 2, 30, 1178.5714285714287, 107.14285714285714, 0, 18420, 11.95, 157.22785714285715, 1535, 23.6, 362.26, 6.7, 102.845, 0.6, 9.21, 1, 15.35, 0.2, 3.07, 4.7, 72.145, 1.6, 24.56, 0.1, 1.535, 1315.7142857142858, 1060.2464285714286, 492.735, 54),
	(175, 6, 2022, 2, 30, 1178.5714285714287, 107.14285714285714, 0, 18420, 11.95, 157.22785714285715, 0, 23.6, 0, 6.7, 0, 0.6, 0, 1, 0, 0.2, 0, 4.7, 0, 1.6, 0, 0.1, 0, 1315.7142857142858, 1158.4864285714286, 0, 54),
	(176, 6, 2022, 4, 65, 1071.4285714285713, 114.28571428571429, 208.45238095238093, 17510, 11.25, 164.15625, 1459.1666666666667, 23.6, 344.36333333333334, 6.7, 97.76416666666668, 0.6, 8.755, 1, 14.591666666666667, 0.2, 2.918333333333334, 4.7, 68.58083333333335, 1.6, 23.34666666666667, 0.1, 1.459166666666667, 1459.1666666666667, 1201.62375, 468.39250000000004, 55),
	(177, 6, 2022, 2, 30, 928.5714285714286, 139.28571428571428, 0, 15370, 9.75, 107.04107142857143, 1280.8333333333333, 23.6, 302.2766666666667, 6.7, 85.81583333333334, 0.6, 7.684999999999999, 1, 12.808333333333332, 0.2, 2.561666666666667, 4.7, 60.19916666666667, 1.6, 20.493333333333336, 0.1, 1.2808333333333335, 1097.857142857143, 908.842738095238, 411.14750000000004, 56),
	(178, 6, 2022, 2, 30, 928.5714285714286, 139.28571428571428, 0, 15370, 9.75, 107.04107142857143, 0, 23.6, 0, 6.7, 0, 0.6, 0, 1, 0, 0.2, 0, 4.7, 0, 1.6, 0, 0.1, 0, 1097.857142857143, 990.8160714285715, 0, 56),
	(179, 6, 2022, 5, 75, 928.5714285714286, 139.28571428571428, 190.47619047619048, 16002.166666666666, 10.55, 140.66666666666666, 1333.3333333333333, 23.6, 314.6666666666667, 6.7, 89.33333333333334, 0.6, 7.999999999999999, 1, 13.333333333333332, 0.2, 2.666666666666667, 4.7, 62.66666666666667, 1.6, 21.333333333333336, 0.1, 1.3333333333333335, 1333.3333333333333, 1107.3333333333333, 428, 57),
	(180, 6, 2022, 3, 50, 1178.5714285714287, 107.14285714285714, 0, 18700, 11.95, 159.61785714285713, 1558.3333333333333, 23.6, 367.76666666666665, 6.7, 104.40833333333335, 0.6, 9.35, 1, 15.583333333333332, 0.2, 3.1166666666666667, 4.7, 73.24166666666667, 1.6, 24.933333333333334, 0.1, 1.5583333333333333, 1335.7142857142858, 1076.363095238095, 500.225, 58),
	(181, 6, 2022, 3, 50, 1178.5714285714287, 107.14285714285714, 0, 18700, 11.95, 159.61785714285713, 0, 23.6, 0, 6.7, 0, 0.6, 0, 1, 0, 0.2, 0, 4.7, 0, 1.6, 0, 0.1, 0, 1335.7142857142858, 1176.0964285714285, 0, 58),
	(182, 6, 2022, 3, 50, 1250, 196.42857142857142, 249.4047619047619, 20950, 13, 226.95833333333331, 1745.8333333333333, 23.6, 412.01666666666665, 6.7, 116.97083333333335, 0.6, 10.475, 1, 17.458333333333332, 0.2, 3.4916666666666667, 4.7, 82.05416666666666, 1.6, 27.933333333333334, 0.1, 1.7458333333333333, 1745.8333333333333, 1407.1416666666667, 560.4125, 59),
	(183, 6, 2022, 1, 20, 1071.4285714285713, 114.28571428571429, 0, 16880, 10.55, 127.20285714285716, 1406.6666666666667, 23.6, 331.97333333333336, 6.7, 94.24666666666668, 0.6, 8.44, 1, 14.066666666666668, 0.2, 2.813333333333334, 4.7, 66.11333333333334, 1.6, 22.50666666666667, 0.1, 1.406666666666667, 1205.7142857142858, 988.484761904762, 451.54, 60),
	(184, 6, 2022, 1, 20, 1071.4285714285713, 114.28571428571429, 0, 16880, 10.55, 127.20285714285716, 0, 23.6, 0, 6.7, 0, 0.6, 0, 1, 0, 0.2, 0, 4.7, 0, 1.6, 0, 0.1, 0, 1205.7142857142858, 1078.5114285714287, 0, 60),
	(185, 6, 2022, 7, 95, 1250, 196.42857142857142, 0, 21580, 13.4, 206.55142857142854, 1798.3333333333333, 23.6, 424.40666666666664, 6.7, 120.48833333333334, 0.6, 10.79, 1, 17.983333333333334, 0.2, 3.5966666666666667, 4.7, 84.52166666666666, 1.6, 28.773333333333333, 0.1, 1.7983333333333333, 1541.4285714285713, 1219.7838095238094, 577.265, 61),
	(186, 6, 2022, 7, 95, 1250, 196.42857142857142, 0, 21580, 13.4, 206.55142857142854, 0, 23.6, 0, 6.7, 0, 0.6, 0, 1, 0, 0.2, 0, 4.7, 0, 1.6, 0, 0.1, 0, 1541.4285714285713, 1334.8771428571429, 0, 61),
	(187, 6, 2022, 4, 65, 892.8571428571429, 85.71428571428571, 0, 14610, 8.7, 90.79071428571429, 1217.5, 23.6, 287.33, 6.7, 81.5725, 0.6, 7.305, 1, 12.175, 0.2, 2.435, 4.7, 57.2225, 1.6, 19.48, 0.1, 1.2175, 1043.5714285714287, 874.8607142857144, 390.8175, 62),
	(188, 6, 2022, 4, 65, 892.8571428571429, 85.71428571428571, 0, 14610, 8.7, 90.79071428571429, 0, 23.6, 0, 6.7, 0, 0.6, 0, 1, 0, 0.2, 0, 4.7, 0, 1.6, 0, 0.1, 0, 1043.5714285714287, 952.7807142857143, 0, 62),
	(189, 6, 2022, 1, 20, 928.5714285714286, 139.28571428571428, 181.30952380952382, 15231.666666666666, 9.75, 123.74375, 1269.1666666666667, 23.6, 299.52333333333337, 6.7, 85.03416666666668, 0.6, 7.615, 1, 12.691666666666668, 0.2, 2.5383333333333336, 4.7, 59.65083333333334, 1.6, 20.30666666666667, 0.1, 1.2691666666666668, 1269.1666666666667, 1064.19625, 407.4025000000001, 63),
	(190, 6, 2022, 3, 50, 1178.5714285714287, 107.14285714285714, 0, 18700, 11.95, 159.61785714285713, 1558.3333333333333, 23.6, 367.76666666666665, 6.7, 104.40833333333335, 0.6, 9.35, 1, 15.583333333333332, 0.2, 3.1166666666666667, 4.7, 73.24166666666667, 1.6, 24.933333333333334, 0.1, 1.5583333333333333, 1335.7142857142858, 1076.363095238095, 500.225, 64),
	(191, 6, 2022, 3, 50, 1178.5714285714287, 107.14285714285714, 0, 18700, 11.95, 159.61785714285713, 0, 23.6, 0, 6.7, 0, 0.6, 0, 1, 0, 0.2, 0, 4.7, 0, 1.6, 0, 0.1, 0, 1335.7142857142858, 1176.0964285714285, 0, 64),
	(192, 6, 2022, 4, 65, 964.2857142857143, 128.57142857142858, 0, 16210, 10.55, 122.1539285714286, 1350.8333333333333, 23.6, 318.7966666666667, 6.7, 90.50583333333334, 0.6, 8.104999999999999, 1, 13.508333333333333, 0.2, 2.7016666666666667, 4.7, 63.48916666666667, 1.6, 21.613333333333333, 0.1, 1.3508333333333333, 1157.857142857143, 949.2498809523809, 433.6175, 65),
	(193, 6, 2022, 4, 65, 964.2857142857143, 128.57142857142858, 0, 16210, 10.55, 122.1539285714286, 0, 23.6, 0, 6.7, 0, 0.6, 0, 1, 0, 0.2, 0, 4.7, 0, 1.6, 0, 0.1, 0, 1157.857142857143, 1035.7032142857142, 0, 65),
	(194, 6, 2022, 4, 65, 1035.7142857142858, 135.71428571428572, 0, 17310, 11.25, 139.09821428571428, 1442.5, 23.6, 340.43, 6.7, 96.6475, 0.6, 8.655, 1, 14.425, 0.2, 2.885, 4.7, 67.7975, 1.6, 23.08, 0.1, 1.4425, 1236.4285714285713, 1005.0103571428572, 463.04249999999996, 66),
	(195, 6, 2022, 4, 65, 1035.7142857142858, 135.71428571428572, 0, 17310, 11.25, 139.09821428571428, 0, 23.6, 0, 6.7, 0, 0.6, 0, 1, 0, 0.2, 0, 4.7, 0, 1.6, 0, 0.1, 0, 1236.4285714285713, 1097.330357142857, 0, 66),
	(196, 6, 2022, 4, 65, 1392.857142857143, 267.85714285714283, 0, 24160, 15, 258.8571428571429, 2013.3333333333333, 23.6, 475.14666666666665, 6.7, 134.89333333333335, 0.6, 12.08, 1, 20.133333333333333, 0.2, 4.026666666666667, 4.7, 94.62666666666667, 1.6, 32.21333333333334, 0.1, 2.0133333333333336, 1725.7142857142858, 1338.0038095238097, 646.28, 67),
	(197, 6, 2022, 4, 65, 1392.857142857143, 267.85714285714283, 0, 24160, 15, 258.8571428571429, 0, 23.6, 0, 6.7, 0, 0.6, 0, 1, 0, 0.2, 0, 4.7, 0, 1.6, 0, 0.1, 0, 1725.7142857142858, 1466.857142857143, 0, 67),
	(198, 6, 2022, 6, 88, 1035.7142857142858, 135.71428571428572, 209.90476190476193, 17633.166666666664, 11.25, 165.3, 1469.3333333333333, 23.6, 346.7626666666667, 6.7, 98.44533333333332, 0.6, 8.815999999999999, 1, 14.693333333333333, 0.2, 2.9386666666666668, 4.7, 69.05866666666667, 1.6, 23.509333333333334, 0.1, 1.4693333333333334, 1469.3333333333333, 1209.996, 471.656, 68),
	(199, 6, 2022, 7, 95, 1250, 196.42857142857142, 256.90476190476187, 21580, 13.4, 240.9766666666667, 1798.3333333333333, 23.6, 424.40666666666664, 6.7, 120.48833333333334, 0.6, 10.79, 1, 17.983333333333334, 0.2, 3.5966666666666667, 4.7, 84.52166666666666, 1.6, 28.773333333333333, 0.1, 1.7983333333333333, 1798.3333333333333, 1442.263333333333, 577.265, 69),
	(200, 6, 2022, 2, 30, 928.5714285714286, 139.28571428571428, 0, 15370, 9.75, 107.04107142857143, 1280.8333333333333, 23.6, 302.2766666666667, 6.7, 85.81583333333334, 0.6, 7.684999999999999, 1, 12.808333333333332, 0.2, 2.561666666666667, 4.7, 60.19916666666667, 1.6, 20.493333333333336, 0.1, 1.2808333333333335, 1097.857142857143, 908.842738095238, 411.14750000000004, 70),
	(201, 6, 2022, 2, 30, 928.5714285714286, 139.28571428571428, 0, 15370, 9.75, 107.04107142857143, 0, 23.6, 0, 6.7, 0, 0.6, 0, 1, 0, 0.2, 0, 4.7, 0, 1.6, 0, 0.1, 0, 1097.857142857143, 990.8160714285715, 0, 70),
	(202, 6, 2022, 4, 65, 964.2857142857143, 128.57142857142858, 0, 16210, 10.55, 122.1539285714286, 1350.8333333333333, 23.6, 318.7966666666667, 6.7, 90.50583333333334, 0.6, 8.104999999999999, 1, 13.508333333333333, 0.2, 2.7016666666666667, 4.7, 63.48916666666667, 1.6, 21.613333333333333, 0.1, 1.3508333333333333, 1157.857142857143, 949.2498809523809, 433.6175, 71),
	(203, 6, 2022, 4, 65, 964.2857142857143, 128.57142857142858, 0, 16210, 10.55, 122.1539285714286, 0, 23.6, 0, 6.7, 0, 0.6, 0, 1, 0, 0.2, 0, 4.7, 0, 1.6, 0, 0.1, 0, 1157.857142857143, 1035.7032142857142, 0, 71),
	(204, 6, 2022, 3, 50, 892.8571428571429, 85.71428571428571, 171.42857142857142, 14402.5, 8.7, 104.4, 1200, 23.6, 283.2, 6.7, 80.4, 0.6, 7.2, 1, 12, 0.2, 2.4, 4.7, 56.4, 1.6, 19.2, 0.1, 1.2, 1200, 1018.7999999999998, 385.2, 72),
	(205, 6, 2022, 2, 30, 1392.857142857143, 267.85714285714283, 281.7857142857143, 23670, 14.25, 281.08125, 1972.5, 23.6, 465.51, 6.7, 132.1575, 0.6, 11.835, 1, 19.725, 0.2, 3.945, 4.7, 92.7075, 1.6, 31.56, 0.1, 1.9725, 1972.5, 1565.17875, 633.1725000000001, 73),
	(206, 6, 2022, 1, 20, 1071.4285714285713, 114.28571428571429, 200.95238095238093, 16880, 10.55, 148.40333333333336, 1406.6666666666667, 23.6, 331.97333333333336, 6.7, 94.24666666666668, 0.6, 8.44, 1, 14.066666666666668, 0.2, 2.813333333333334, 4.7, 66.11333333333334, 1.6, 22.50666666666667, 0.1, 1.406666666666667, 1406.6666666666667, 1168.2366666666665, 451.54, 74),
	(207, 6, 2022, 6, 88, 1892.857142857143, 350, 0, 32632, 18.35, 427.71228571428566, 2719.3333333333335, 23.6, 641.7626666666667, 6.7, 182.19533333333337, 0.6, 16.316000000000003, 1, 27.193333333333335, 0.2, 5.438666666666666, 4.7, 127.80866666666668, 1.6, 43.50933333333333, 0.1, 2.719333333333333, 2330.8571428571427, 1729.1075238095234, 872.9060000000002, 75),
	(208, 6, 2022, 6, 88, 1892.857142857143, 350, 0, 32632, 18.35, 427.71228571428566, 0, 23.6, 0, 6.7, 0, 0.6, 0, 1, 0, 0.2, 0, 4.7, 0, 1.6, 0, 0.1, 0, 2330.8571428571427, 1903.144857142857, 0, 75),
	(209, 6, 2022, 7, 95, 1178.5714285714287, 107.14285714285714, 230.11904761904762, 19330, 12.35, 198.93791666666664, 1610.8333333333333, 23.6, 380.15666666666664, 6.7, 107.92583333333334, 0.6, 9.665, 1, 16.108333333333334, 0.2, 3.2216666666666667, 4.7, 75.70916666666668, 1.6, 25.773333333333333, 0.1, 1.6108333333333333, 1610.8333333333333, 1308.802083333333, 517.0775, 76),
	(210, 6, 2022, 2, 30, 928.5714285714286, 139.28571428571428, 0, 15370, 9.75, 107.04107142857143, 1280.8333333333333, 23.6, 302.2766666666667, 6.7, 85.81583333333334, 0.6, 7.684999999999999, 1, 12.808333333333332, 0.2, 2.561666666666667, 4.7, 60.19916666666667, 1.6, 20.493333333333336, 0.1, 1.2808333333333335, 1097.857142857143, 908.842738095238, 411.14750000000004, 77),
	(211, 6, 2022, 2, 30, 928.5714285714286, 139.28571428571428, 0, 15370, 9.75, 107.04107142857143, 0, 23.6, 0, 6.7, 0, 0.6, 0, 1, 0, 0.2, 0, 4.7, 0, 1.6, 0, 0.1, 0, 1097.857142857143, 990.8160714285715, 0, 77),
	(212, 6, 2022, 5, 75, 964.2857142857143, 128.57142857142858, 194.64285714285714, 16352.166666666666, 10.55, 143.74375, 1362.5, 23.6, 321.55, 6.7, 91.2875, 0.6, 8.175, 1, 13.625, 0.2, 2.725, 4.7, 64.0375, 1.6, 21.8, 0.1, 1.3625, 1362.5, 1131.55625, 437.3625, 78),
	(213, 6, 2022, 1, 20, 928.5714285714286, 139.28571428571428, 181.30952380952382, 15230, 9.75, 123.74375, 1269.1666666666667, 23.6, 299.52333333333337, 6.7, 85.03416666666668, 0.6, 7.615, 1, 12.691666666666668, 0.2, 2.5383333333333336, 4.7, 59.65083333333334, 1.6, 20.30666666666667, 0.1, 1.2691666666666668, 1269.1666666666667, 1064.19625, 407.4025000000001, 79),
	(214, 6, 2022, 0, 0, 1035.7142857142858, 135.71428571428572, 0, 16400, 10.55, 123.58571428571427, 1366.6666666666667, 23.6, 322.53333333333336, 6.7, 91.56666666666668, 0.6, 8.2, 1, 13.666666666666668, 0.2, 2.733333333333334, 4.7, 64.23333333333333, 1.6, 21.86666666666667, 0.1, 1.366666666666667, 1171.4285714285713, 960.3761904761906, 438.70000000000005, 80),
	(215, 6, 2022, 0, 0, 1035.7142857142858, 135.71428571428572, 0, 16400, 10.55, 123.58571428571427, 0, 23.6, 0, 6.7, 0, 0.6, 0, 1, 0, 0.2, 0, 4.7, 0, 1.6, 0, 0.1, 0, 1171.4285714285713, 1047.8428571428572, 0, 80),
	(216, 6, 2022, 3, 50, 1178.5714285714287, 107.14285714285714, 0, 18700, 11.95, 159.61785714285713, 1558.3333333333333, 23.6, 367.76666666666665, 6.7, 104.40833333333335, 0.6, 9.35, 1, 15.583333333333332, 0.2, 3.1166666666666667, 4.7, 73.24166666666667, 1.6, 24.933333333333334, 0.1, 1.5583333333333333, 1335.7142857142858, 1076.363095238095, 500.225, 81),
	(217, 6, 2022, 3, 50, 1178.5714285714287, 107.14285714285714, 0, 18700, 11.95, 159.61785714285713, 0, 23.6, 0, 6.7, 0, 0.6, 0, 1, 0, 0.2, 0, 4.7, 0, 1.6, 0, 0.1, 0, 1335.7142857142858, 1176.0964285714285, 0, 81),
	(218, 6, 2022, 5, 75, 928.5714285714286, 139.28571428571428, 0, 16000, 9.75, 111.42857142857143, 1333.3333333333333, 23.6, 314.6666666666667, 6.7, 89.33333333333334, 0.6, 7.999999999999999, 1, 13.333333333333332, 0.2, 2.666666666666667, 4.7, 62.66666666666667, 1.6, 21.333333333333336, 0.1, 1.3333333333333335, 1142.857142857143, 946.0952380952382, 428, 82),
	(219, 6, 2022, 5, 75, 928.5714285714286, 139.28571428571428, 0, 16000, 9.75, 111.42857142857143, 0, 23.6, 0, 6.7, 0, 0.6, 0, 1, 0, 0.2, 0, 4.7, 0, 1.6, 0, 0.1, 0, 1142.857142857143, 1031.4285714285716, 0, 82),
	(220, 6, 2022, 7, 95, 928.5714285714286, 139.28571428571428, 0, 16280, 10.55, 122.68142857142858, 1356.6666666666667, 23.6, 320.17333333333335, 6.7, 90.89666666666668, 0.6, 8.14, 1, 13.566666666666668, 0.2, 2.713333333333334, 4.7, 63.76333333333334, 1.6, 21.70666666666667, 0.1, 1.356666666666667, 1162.857142857143, 953.3490476190477, 435.49, 83),
	(221, 6, 2022, 7, 95, 928.5714285714286, 139.28571428571428, 0, 16280, 10.55, 122.68142857142858, 0, 23.6, 0, 6.7, 0, 0.6, 0, 1, 0, 0.2, 0, 4.7, 0, 1.6, 0, 0.1, 0, 1162.857142857143, 1040.1757142857143, 0, 83),
	(222, 6, 2022, 5, 75, 2250, 321.42857142857144, 441.0714285714286, 37052.166666666664, 19.85, 612.8687500000001, 3087.5, 23.6, 728.65, 6.7, 206.8625, 0.6, 18.525, 1, 30.875, 0.2, 6.175, 4.7, 145.1125, 1.6, 49.4, 0.1, 3.0875, 3087.5, 2277.0312499999995, 991.0875, 84),
	(223, 6, 2022, 5, 75, 928.5714285714286, 139.28571428571428, 0, 16000, 9.75, 111.42857142857143, 1333.3333333333333, 23.6, 314.6666666666667, 6.7, 89.33333333333334, 0.6, 7.999999999999999, 1, 13.333333333333332, 0.2, 2.666666666666667, 4.7, 62.66666666666667, 1.6, 21.333333333333336, 0.1, 1.3333333333333335, 1142.857142857143, 946.0952380952382, 428, 85),
	(224, 6, 2022, 5, 75, 928.5714285714286, 139.28571428571428, 0, 16000, 9.75, 111.42857142857143, 0, 23.6, 0, 6.7, 0, 0.6, 0, 1, 0, 0.2, 0, 4.7, 0, 1.6, 0, 0.1, 0, 1142.857142857143, 1031.4285714285716, 0, 85),
	(225, 6, 2022, 1, 20, 964.2857142857143, 128.57142857142858, 0, 15580, 9.75, 108.50357142857143, 1298.3333333333333, 23.6, 306.4066666666667, 6.7, 86.98833333333334, 0.6, 7.789999999999999, 1, 12.983333333333333, 0.2, 2.5966666666666667, 4.7, 61.02166666666667, 1.6, 20.773333333333333, 0.1, 1.2983333333333333, 1112.857142857143, 921.260238095238, 416.7650000000001, 86),
	(226, 6, 2022, 1, 20, 964.2857142857143, 128.57142857142858, 0, 15580, 9.75, 108.50357142857143, 0, 23.6, 0, 6.7, 0, 0.6, 0, 1, 0, 0.2, 0, 4.7, 0, 1.6, 0, 0.1, 0, 1112.857142857143, 1004.3535714285715, 0, 86),
	(227, 6, 2022, 2, 30, 1250, 196.42857142857142, 0, 20670, 13, 191.93571428571428, 1722.5, 23.6, 406.51, 6.7, 115.4075, 0.6, 10.335, 1, 17.225, 0.2, 3.445, 4.7, 80.9575, 1.6, 27.56, 0.1, 1.7225, 1476.4285714285713, 1174.252857142857, 552.9225000000001, 87),
	(228, 6, 2022, 2, 30, 1250, 196.42857142857142, 0, 20670, 13, 191.93571428571428, 0, 23.6, 0, 6.7, 0, 0.6, 0, 1, 0, 0.2, 0, 4.7, 0, 1.6, 0, 0.1, 0, 1476.4285714285713, 1284.492857142857, 0, 87),
	(229, 6, 2022, 4, 65, 1535.7142857142858, 267.85714285714283, 0, 26160, 16, 298.9714285714286, 2180, 23.6, 514.48, 6.7, 146.06, 0.6, 13.08, 1, 21.8, 0.2, 4.36, 4.7, 102.46, 1.6, 34.88, 0.1, 2.18, 1868.5714285714287, 1430.08, 699.78, 88),
	(230, 6, 2022, 4, 65, 1535.7142857142858, 267.85714285714283, 0, 26160, 16, 298.9714285714286, 0, 23.6, 0, 6.7, 0, 0.6, 0, 1, 0, 0.2, 0, 4.7, 0, 1.6, 0, 0.1, 0, 1868.5714285714287, 1569.6000000000001, 0, 88),
	(231, 6, 2022, 5, 75, 1250, 196.42857142857142, 0, 21300, 13.4, 203.87142857142854, 1775, 23.6, 418.9, 6.7, 118.925, 0.6, 10.65, 1, 17.75, 0.2, 3.55, 4.7, 83.425, 1.6, 28.4, 0.1, 1.775, 1521.4285714285713, 1203.9571428571426, 569.7749999999999, 89),
	(232, 6, 2022, 5, 75, 1250, 196.42857142857142, 0, 21300, 13.4, 203.87142857142854, 0, 23.6, 0, 6.7, 0, 0.6, 0, 1, 0, 0.2, 0, 4.7, 0, 1.6, 0, 0.1, 0, 1521.4285714285713, 1317.5571428571427, 0, 89),
	(233, 6, 2022, 5, 75, 1392.857142857143, 267.85714285714283, 0, 24300, 15, 260.3571428571429, 2025, 23.6, 477.9, 6.7, 135.675, 0.6, 12.15, 1, 20.25, 0.2, 4.05, 4.7, 95.175, 1.6, 32.4, 0.1, 2.025, 1735.7142857142858, 1345.7571428571428, 650.025, 90),
	(234, 6, 2022, 5, 75, 1392.857142857143, 267.85714285714283, 0, 24300, 15, 260.3571428571429, 0, 23.6, 0, 6.7, 0, 0.6, 0, 1, 0, 0.2, 0, 4.7, 0, 1.6, 0, 0.1, 0, 1735.7142857142858, 1475.357142857143, 0, 90),
	(235, 6, 2022, 0, 0, 1035.7142857142858, 135.71428571428572, 0, 16400, 10.55, 123.58571428571427, 1366.6666666666667, 23.6, 322.53333333333336, 6.7, 91.56666666666668, 0.6, 8.2, 1, 13.666666666666668, 0.2, 2.733333333333334, 4.7, 64.23333333333333, 1.6, 21.86666666666667, 0.1, 1.366666666666667, 1171.4285714285713, 960.3761904761906, 438.70000000000005, 91),
	(236, 6, 2022, 0, 0, 1035.7142857142858, 135.71428571428572, 0, 16400, 10.55, 123.58571428571427, 0, 23.6, 0, 6.7, 0, 0.6, 0, 1, 0, 0.2, 0, 4.7, 0, 1.6, 0, 0.1, 0, 1171.4285714285713, 1047.8428571428572, 0, 91),
	(237, 6, 2022, 3, 50, 892.8571428571429, 85.71428571428571, 0, 14400, 8.7, 89.4857142857143, 1200, 23.6, 283.2, 6.7, 80.4, 0.6, 7.2, 1, 12, 0.2, 2.4, 4.7, 56.4, 1.6, 19.2, 0.1, 1.2, 1028.5714285714287, 862.2857142857143, 385.2, 92),
	(238, 6, 2022, 3, 50, 892.8571428571429, 85.71428571428571, 0, 14400, 8.7, 89.4857142857143, 0, 23.6, 0, 6.7, 0, 0.6, 0, 1, 0, 0.2, 0, 4.7, 0, 1.6, 0, 0.1, 0, 1028.5714285714287, 939.0857142857144, 0, 92),
	(239, 6, 2022, 0, 0, 1178.5714285714287, 107.14285714285714, 0, 18000, 11.25, 144.64285714285717, 1500, 23.6, 354, 6.7, 100.5, 0.6, 9, 1, 15, 0.2, 3, 4.7, 70.5, 1.6, 24, 0.1, 1.5, 1285.7142857142858, 1045.0714285714287, 481.5, 96),
	(240, 6, 2022, 0, 0, 1178.5714285714287, 107.14285714285714, 0, 18000, 11.25, 144.64285714285717, 0, 23.6, 0, 6.7, 0, 0.6, 0, 1, 0, 0.2, 0, 4.7, 0, 1.6, 0, 0.1, 0, 1285.7142857142858, 1141.0714285714287, 0, 96),
	(241, 6, 2022, 1, 20, 1892.857142857143, 350, 0, 31680, 18, 407.31428571428563, 2640, 23.6, 623.0400000000001, 6.7, 176.88, 0.6, 15.84, 1, 26.4, 0.2, 5.28, 4.7, 124.08, 1.6, 42.24, 0.1, 2.64, 2262.8571428571427, 1686.5828571428574, 847.44, 93),
	(242, 6, 2022, 1, 20, 1892.857142857143, 350, 0, 31680, 18, 407.31428571428563, 0, 23.6, 0, 6.7, 0, 0.6, 0, 1, 0, 0.2, 0, 4.7, 0, 1.6, 0, 0.1, 0, 2262.8571428571427, 1855.542857142857, 0, 93),
	(243, 6, 2022, 0, 0, 1392.857142857143, 267.85714285714283, 0, 23250, 14.25, 236.65178571428572, 1937.5, 23.6, 457.25, 6.7, 129.8125, 0.6, 11.625, 1, 19.375, 0.2, 3.875, 4.7, 91.0625, 1.6, 31, 0.1, 1.9375, 1660.7142857142858, 1300.0625, 621.9375, 94),
	(244, 6, 2022, 0, 0, 1392.857142857143, 267.85714285714283, 0, 23250, 14.25, 236.65178571428572, 0, 23.6, 0, 6.7, 0, 0.6, 0, 1, 0, 0.2, 0, 4.7, 0, 1.6, 0, 0.1, 0, 1660.7142857142858, 1424.0625, 0, 94),
	(245, 6, 2022, 2, 30, 892.8571428571429, 85.71428571428571, 0, 14120, 8.7, 87.74571428571427, 1176.6666666666667, 23.6, 277.6933333333334, 6.7, 78.83666666666667, 0.6, 7.06, 1, 11.766666666666667, 0.2, 2.3533333333333335, 4.7, 55.30333333333334, 1.6, 18.826666666666668, 0.1, 1.1766666666666667, 1008.5714285714286, 845.5190476190476, 377.7100000000001, 95),
	(246, 6, 2022, 2, 30, 892.8571428571429, 85.71428571428571, 0, 14120, 8.7, 87.74571428571427, 0, 23.6, 0, 6.7, 0, 0.6, 0, 1, 0, 0.2, 0, 4.7, 0, 1.6, 0, 0.1, 0, 1008.5714285714286, 920.8257142857143, 0, 95);
/*!40000 ALTER TABLE `nomina` ENABLE KEYS */;

-- Volcando estructura para tabla nominas.trabajadorbbdd
CREATE TABLE IF NOT EXISTS `trabajadorbbdd` (
  `IdTrabajador` int NOT NULL AUTO_INCREMENT,
  `Nombre` varchar(50) NOT NULL,
  `Apellido1` varchar(75) NOT NULL,
  `Apellido2` varchar(75) DEFAULT NULL,
  `NIFNIE` varchar(10) NOT NULL,
  `email` varchar(75) DEFAULT NULL,
  `fechaAlta` date DEFAULT NULL,
  `codigoCuenta` varchar(20) DEFAULT NULL,
  `IBAN` varchar(24) DEFAULT NULL,
  `IdEmpresa` int DEFAULT NULL,
  `IdCategoria` int DEFAULT NULL,
  PRIMARY KEY (`IdTrabajador`),
  KEY `FK_IDEMP_TRABAJ` (`IdEmpresa`),
  KEY `FK_IDCAT_TRABAJ` (`IdCategoria`),
  CONSTRAINT `FK_IDCAT_TRABAJ` FOREIGN KEY (`IdCategoria`) REFERENCES `categorias` (`IdCategoria`),
  CONSTRAINT `FK_IDEMP_TRABAJ` FOREIGN KEY (`IdEmpresa`) REFERENCES `empresas` (`IdEmpresa`)
) ENGINE=InnoDB AUTO_INCREMENT=97 DEFAULT CHARSET=utf8mb4 COLLATE=utf8mb4_0900_ai_ci;

-- Volcando datos para la tabla nominas.trabajadorbbdd: ~0 rows (aproximadamente)
DELETE FROM `trabajadorbbdd`;
/*!40000 ALTER TABLE `trabajadorbbdd` DISABLE KEYS */;
INSERT INTO `trabajadorbbdd` (`IdTrabajador`, `Nombre`, `Apellido1`, `Apellido2`, `NIFNIE`, `email`, `fechaAlta`, `codigoCuenta`, `IBAN`, `IdEmpresa`, `IdCategoria`) VALUES
	(1, 'Bonifacio', 'Alcoba', 'Alonso', '09548247G', 'AAB00@Asoftware.es', '2018-01-01', '31645124473461205164', 'DK7331645124473461205164', 1, 1),
	(2, 'Demetrio', 'Aller', 'Castrillo', '09611071S', 'CAD00@Asoftware.es', '2018-01-01', '65614874165615445616', 'ES8265614874165615445616', 1, 1),
	(3, 'Germ谩n', 'Aller', 'Bariales', '09314602Q', 'BAG00@TecnoLeonSL.es', '2019-06-01', '32569523016220165156', 'RO8832569523016220165156', 2, 2),
	(4, 'Marta', 'Almarza', 'Garc铆a', '71404629W', 'GAM00@TecnoProyectSL.es', '2019-06-01', '24561937521546497521', 'DE7424561937521546497521', 3, 2),
	(5, 'Israel', 'Alonso', 'Rodr铆guez', '10940987W', 'RAI00@TecnoLeonSL.es', '2020-02-01', '36520125638451012515', 'MC6436520125638451012515', 2, 3),
	(6, 'Gabriel', 'Alvarez', 'Moral', '09611099C', 'MAG00@Asoftware.es', '2013-06-01', '20125003305201112544', 'GR9420125003305201112544', 1, 4),
	(7, 'Rub茅n Dar铆o', 'Alvarez', 'Fuertes', '09548287K', 'FAR00@PBlankSA.es', '2013-06-01', '21651484690980008984', 'ES2821651484690980008984', 4, 4),
	(8, 'Alencar', 'Alves', 'Lidiane', 'Y1337652D', 'LAA00@TecnoProyectSL.es', '2013-06-01', '20960043043554600000', 'FI5620960043043554600000', 3, 2),
	(9, 'Alencar', 'Alves', 'Lidiane', 'Y1337652D', 'LAA01@TecnoProyectSL.es', '2014-02-01', '21564975243245467995', 'ES7921564975243245467995', 3, 2),
	(10, 'Roc铆o', 'Andr茅s', 'Gil', '09481741Z', 'GAR00@APhonSA.es', '2014-02-01', '32566221522587754554', 'LT8032566221522587754554', 5, 5),
	(11, 'Soledad', 'Arias', 'Diez', '09786363R', 'DAS00@APhonSA.es', '2014-02-01', '23215465315456411515', 'EE2023215465315456411515', 5, 5),
	(12, 'Vittorio', 'Baglione', ' ', 'X1673150S', 'BV00@TecnoProyectSL.es', '2007-10-01', '00750184310702510000', 'BE9400750184310702510000', 3, 6),
	(13, 'Vittorio', 'Baglione', 'Baglione', 'X1673150S', 'BBV00@TecnoProyectSL.es', '2007-11-01', '21584976902154655487', 'ES0721584976902154655487', 3, 6),
	(14, 'Adolfo', 'Bayon', 'Blanco', '12160221Y', 'BBA00@PBlankSA.es', '2006-11-01', '25894363475485700145', 'SM2125894363475485700145', 4, 7),
	(15, 'Mauro', 'Belerda', 'Aparicio', '09458455G', 'ABM00@PBlankSA.es', '2020-01-01', '96431245118150005156', 'ES9596431245118150005156', 4, 6),
	(16, 'Agust铆n', 'Benavides', 'Castro', '09458455G', 'CBA00@PBlankSA.es', '2000-11-01', '25030000114574745458', 'AT6825030000114574745458', 4, 1),
	(17, 'Luis', 'Benito', 'Benito', '09548505D', 'BBL00@PBlankSA.es', '2013-10-01', '15953684811254695203', 'IT8915953684811254695203', 4, 5),
	(18, 'Armando', 'Bienvenido', 'Garc铆a', '09611076C', 'GBA00@TecnoProyectSL.es', '2012-01-01', '20960043023096200000', 'ES9020960043023096200000', 3, 2),
	(19, 'Latifa', 'Boughaza', ' ', 'Y0806930N', 'BL00@Asoftware.es', '2020-04-01', '00750184310702510000', 'DK5800750184310702510000', 1, 8),
	(20, 'Latifa Epfouad Erre', 'Boughaza', 'Boughaza', 'Y0806930N', 'BBL00@TecnoLeonSL.es', '2014-11-01', '23455254943263234457', 'ES5023455254943263234457', 2, 8),
	(21, 'Saaida', 'Bouzidi', ' ', 'X5106131Q', 'BS00@TecnoProyectSL.es', '2012-06-01', '20910936583000000000', 'GR4920910936583000000000', 3, 7),
	(22, 'Antonio', 'Bueno', 'Garc铆a', '09741995T', 'GBA00@TecnoLeonSL.es', '2010-06-01', '20960043032159000000', 'ES3720960043032159000000', 2, 7),
	(23, 'Dorina', 'Bueno', 'Gonz谩lez', '71609083D', 'GBD00@Asoftware.es', '2010-10-01', '12669681115112121210', 'DE5512669681115112121210', 1, 1),
	(24, 'Mario', 'Cabero', 'Iglesias', '71597570L', 'ICM00@TecnoProyectSL.es', '1997-11-01', '56187775315550000651', 'ES2956187775315550000651', 3, 8),
	(25, 'Concepci贸n', 'Cabeza', 'Quintanilla', '09611100K', 'QCC00@Asoftware.es', '2011-03-01', '25516848021156151054', 'ES0425516848021156151054', 1, 7),
	(26, 'Mar铆a', 'Calleja', 'Vega', '09769669M', 'VCM00@PBlankSA.es', '1999-11-01', '64578946740051516490', 'PT5764578946740051516490', 4, 2),
	(27, 'Federico', 'Candanedo', 'Portugues', '09548317M', 'PCF00@TecnoProyectSL.es', '1998-09-01', '34698752714600549403', 'ES4534698752714600549403', 3, 8),
	(28, 'Iv谩n', 'Carpintero', 'Cepin', '12649208J', 'CCI00@PBlankSA.es', '2006-03-01', '66649444162310000255', 'ES2766649444162310000255', 4, 8),
	(29, 'Seraf铆n', 'Carro', 'Fuertes', '09758365V', 'FCS00@TecnoLeonSL.es', '2004-07-01', '23185484465641685100', 'FR5623185484465641685100', 2, 1),
	(30, 'Eulalia', 'Cascallana', 'Jaular', '02614035Q', 'JCE00@TecnoLeonSL.es', '2009-11-01', '52198484752100515144', 'ES4352198484752100515144', 2, 9),
	(31, 'Gonzalo', 'Casta帽eda', 'Garc铆a', '09570242B', 'GCG00@APhonSA.es', '2011-05-01', '36250012804785523365', 'CZ9536250012804785523365', 5, 7),
	(32, 'Emiliano', 'Castro', 'Puente', '09738010V', 'PCE00@Asoftware.es', '2003-09-01', '22515651915640081000', 'AT3122515651915640081000', 1, 3),
	(33, 'Melisa', 'Castro', 'S谩nchez', '09548501M', 'SCM00@PBlankSA.es', '1999-02-01', '21508149175421346497', 'DE5021508149175421346497', 4, 10),
	(34, 'Montserrat', 'Cembranos', 'Lomb谩s', '24304263W', 'LCM00@TecnoLeonSL.es', '2011-10-01', '21346154503164978451', 'DE6721346154503164978451', 2, 4),
	(35, 'Jes煤s Manuel', 'Centeno', 'Castro', 'X3607387K', 'CCJ00@PBlankSA.es', '2017-09-01', '25187786311225455548', 'ES7225187786311225455548', 4, 11),
	(36, 'Jos茅 Antonio', 'Cerro', 'Ponga', '12684218V', 'PCJ00@TecnoProyectSL.es', '2009-09-01', '23164897642213030615', 'ES4723164897642213030615', 3, 2),
	(37, 'Bernardo', 'Chamorro', 'Castellanos', '09634700T', 'CCB00@TecnoProyectSL.es', '2003-09-01', '96536214865214585214', 'ES2396536214865214585214', 3, 8),
	(38, 'Nelida', 'Charro', 'Alonso', '09548290R', 'ACN00@PBlankSA.es', '2008-06-01', '85461325251978750005', 'ES6885461325251978750005', 4, 5),
	(39, 'Marisa', 'Chen', 'Cedron', '09626048L', 'CCM00@TecnoProyectSL.es', '2016-01-01', '24587946032003165464', 'FI5024587946032003165464', 3, 1),
	(40, 'Marta', 'Coello ', 'Castro', '24571671N', 'CCM01@TecnoProyectSL.es', '2008-12-01', '20960043073071400000', 'ES5020960043073071400000', 3, 12),
	(41, 'Miguel', 'De la puente', 'Alonso', '09784112G', 'ADM00@TecnoProyectSL.es', '2002-05-01', '20960043042158800000', 'ES8220960043042158800000', 3, 13),
	(42, 'Cruz', 'Del amo', 'Fl贸rez', '09548495E', 'FDC00@APhonSA.es', '2017-02-01', '21654587985156484454', 'ES7521654587985156484454', 5, 8),
	(43, 'Carmen', 'Diez', 'L贸pez', '71404623L', 'LDC00@Asoftware.es', '2008-09-01', '51651681961210656510', 'ES3251651681961210656510', 1, 2),
	(44, 'Hugo', 'Echevarria', 'Almanzar', '09810142K', 'AEH00@TecnoLeonSL.es', '2012-05-01', '66552211148855332200', 'ES5566552211148855332200', 2, 12),
	(45, 'Khadouj', 'Elammary', ' ', '09548827D', 'EK00@TecnoProyectSL.es', '2013-10-01', '20910936583000000000', 'GB9720910936583000000000', 3, 5),
	(46, 'Souad', 'Elbada', ' ', 'X8996448K', 'ES00@Asoftware.es', '2015-04-01', '01821135910205540000', 'DE9301821135910205540000', 1, 13),
	(47, 'Braulio', 'Feliz', 'Pisabarro', '09685088H', 'PFB00@TecnoProyectSL.es', '2017-06-01', '22631245526916432102', 'DE7822631245526916432102', 3, 4),
	(48, 'Ana Isabel', 'Fern谩ndez', 'Alaiz', '09548295Y', 'AFA00@TecnoLeonSL.es', '2011-04-01', '20960043043075700000', 'ES2120960043043075700000', 6, 5),
	(49, 'Ismael', 'Fern谩ndez', 'Fresco', '09545570H', 'FFI00@TecnoLeonSL.es', '2009-07-01', '25635478321002541225', 'SM7325635478321002541225', 2, 5),
	(50, 'Diana', 'Fidalgo', 'Fern谩ndez', '71393411P', 'FFD00@APhonSA.es', '2010-05-01', '32154697195423121000', 'ES6832154697195423121000', 5, 2),
	(51, 'Elisa', 'Fidalgo', 'Mart铆nez', '71393352H', 'MFE00@APhonSA.es', '2017-11-01', '36521452736500658485', 'GR3836521452736500658485', 5, 12),
	(52, 'Consuelo', 'Francisco', 'L贸pez', '09632873J', 'LFC00@APhonSA.es', '2012-03-01', '20008521528775113366', 'GB5520008521528775113366', 5, 12),
	(53, 'Rosa', 'Gal谩n', 'Amo', '71878948S', 'AGR00@TecnoLeonSL.es', '2006-06-01', '51651487910005118185', 'ES6851651487910005118185', 2, 12),
	(54, 'Laura', 'Garc铆a', 'Prieto', '09611087P', 'PGL00@TecnoLeonSL.es', '2015-06-01', '01826530120201560000', 'ES9001826530120201560000', 6, 1),
	(55, 'Elena', 'Garc铆a', 'Garc铆a', '71404625K', 'GGE00@Asoftware.es', '2009-08-01', '21651651812511133551', 'ES9021651651812511133551', 1, 13),
	(56, 'Lorena', 'Garc铆a', 'Pasado', '01234567L', 'PGL00@TecnoProyectSL.es', '2015-11-01', '20960043033000100000', 'ES8020960043033000100000', 3, 7),
	(57, 'Diego', 'Garc铆a', 'Fresco', '09785530L', 'FGD00@APhonSA.es', '2005-06-01', '36585214290025478551', 'GB0836585214290025478551', 5, 7),
	(58, 'Andr茅s', 'Getino', 'Serrano', '09724050H', 'SGA00@Asoftware.es', '2011-01-01', '12548523465214585214', 'ES9012548523465214585214', 1, 1),
	(59, 'Felix', 'Gomara', 'Iban', '09689676Y', 'IGF00@TecnoLeonSL.es', '2013-08-01', '31624561042546920007', 'ES6931624561042546920007', 2, 2),
	(60, 'Casimiro', 'Gonz谩lez', 'Alonso', '09570285P', 'AGC00@APhonSA.es', '2018-07-01', '36154231712500312566', 'ES1436154231712500312566', 5, 13),
	(61, 'Abel', 'Gonz谩lez', 'R铆o', '09570262P', 'RGA00@TecnoProyectSL.es', '1999-11-01', '44875664127231645789', 'ES8244875664127231645789', 3, 2),
	(62, 'Luisa', 'Gracia', 'Puerto', '09548827D', 'PGL01@TecnoProyectSL.es', '2009-09-01', '20960031442124800000', 'ES7920960031442124800000', 3, 4),
	(63, 'Nieves', 'Guerra', 'Mor谩n', '09548486J', 'MGN00@PBlankSA.es', '2017-03-01', '33620012937852100256', 'ES1633620012937852100256', 4, 7),
	(64, 'Julio Ernesto', 'Gutierrez', 'L贸pez', '71393396Q', 'LGJ00@APhonSA.es', '2013-06-01', '33218885441445121022', 'ES1933218885441445121022', 5, 1),
	(65, 'Daniel', 'Herreras', 'Domingo', '71406027C', 'DHD00@Asoftware.es', '2010-12-01', '62581542713690044508', 'ES8462581542713690044508', 1, 8),
	(66, 'Rosario', 'Laiz', 'Dom铆nguez', '09548451R', 'DLR00@PBlankSA.es', '2009-09-01', '25165151118666365100', 'ES3925165151118666365100', 4, 5),
	(67, 'Fernando', 'Llamazares', 'Ramos', '24304263W', 'RLF00@TecnoProyectSL.es', '2009-10-01', '20960043033000100000', 'ES8020960043033000100000', 3, 14),
	(68, 'Nicol谩s', 'Manzanares', 'Cadenas', '09570258G', 'CMN00@TecnoProyectSL.es', '2002-12-01', '36952365020014425254', 'PT3536952365020014425254', 3, 5),
	(69, 'Oscar', 'M谩rquez', 'Blanco', '09548295Y', 'BMO00@APhonSA.es', '2000-09-01', '65168874641561561500', 'ES9565168874641561561500', 5, 2),
	(70, 'Juan', 'Martinez', 'Fernandez', '01234567L', 'FMJ00@TecnoProyectSL.es', '2014-03-01', '20960583831234500000', 'ES3220960583831234500000', 3, 7),
	(71, 'Justina', 'Mart铆nez', 'Garc铆a', '10575307E', 'GMJ00@APhonSA.es', '2010-05-01', '21416325811510005514', 'ES7221416325811510005514', 5, 8),
	(72, 'H茅ctor', 'Melc贸n', 'Otero', '09548392B', 'OMH00@TecnoLeonSL.es', '2011-05-01', '32628484504115151115', 'LU0932628484504115151115', 2, 4),
	(73, 'Clementina', 'Montiel', 'Mart铆nes', '09714235R', 'MMC00@APhonSA.es', '2015-07-01', '63516541828944000984', 'ES8163516541828944000984', 5, 14),
	(74, 'Miguel ngel', 'Morala', 'Bernal', '09806572Q', 'BMM00@TecnoProyectSL.es', '2019-07-01', '23658965274585223202', 'ES6223658965274585223202', 3, 13),
	(75, 'Blas', 'Nu帽ez', 'Blanco', '02031127C', 'BNB00@Asoftware.es', '2004-06-01', '32658012367712548745', 'FI6132658012367712548745', 1, 9),
	(76, 'Pedro', 'Olle', 'Sutil', '09548215H', 'SOP00@APhonSA.es', '2001-10-01', '23652365142254222000', 'ES7223652365142254222000', 5, 1),
	(77, 'Julio Pedro', 'Otero', 'Fern谩ndez', '09632539R', 'FOJ00@APhonSA.es', '2016-01-01', '32584216971684051000', 'ES9232584216971684051000', 5, 7),
	(78, 'Carlos', 'Pardo', 'De la fuente', '71393419Q', 'DPC00@Asoftware.es', '2005-12-01', '55065688761051056105', 'ES6855065688761051056105', 1, 8),
	(79, 'Cecilia', 'Perez', 'Garc铆a', '09771193B', 'GPC00@Asoftware.es', '2018-07-01', '95485212315484010000', 'ES7395485212315484010000', 1, 7),
	(80, 'V铆ctor', 'P茅rez', 'P茅rez', '09548283V', 'PPV00@TecnoLeonSL.es', '2020-02-01', '21856333126985542360', 'LT9321856333126985542360', 2, 5),
	(81, 'Clara', 'Presa', 'Alvarez', '71425232C', 'APC00@Asoftware.es', '2013-06-01', '36245978133245679001', 'ES5736245978133245679001', 1, 1),
	(82, 'Ana Bel茅n', 'Prieto', 'Mar铆n', '09671968P', 'MPA00@Asoftware.es', '2006-05-01', '31245164156597845124', 'ES7631245164156597845124', 1, 7),
	(83, 'Ram贸n ', 'Prieto', 'Garc铆a', '00538394X', 'GPR00@PBlankSA.es', '2001-03-01', '23221158252545471411', 'SM4423221158252545471411', 4, 7),
	(84, 'In茅s', 'Riverto', 'Fuertes', '09548150E', 'FRI00@TecnoLeonSL.es', '2005-07-01', '32574512085411002255', 'SE6832574512085411002255', 2, 11),
	(85, 'Francisco', 'Robles', 'Alonso', '09743327K', 'ARF00@TecnoLeonSL.es', '2005-07-01', '20960043013468900000', 'ES4420960043013468900000', 6, 7),
	(86, 'Francisco', 'Robles', 'Dominguez', '09548443Q', 'DRF00@TecnoLeonSL.es', '2017-07-01', '31215643855060225021', 'ES5631215643855060225021', 2, 8),
	(87, 'Tom谩s', 'Rodr铆guez', 'Garc铆a', '09749147E', 'GRT00@TecnoLeonSL.es', '2014-08-01', '85550564726165145610', 'AT3285550564726165145610', 2, 2),
	(88, 'Clotilde', 'Rodr铆guez', 'Labarga', '09785530L', 'LRC00@APhonSA.es', '2010-05-01', '65165654918886005001', 'ES1665165654918886005001', 5, 3),
	(89, 'Cristina', 'Salas', 'Benavides', '09719898Y', 'BSC00@Asoftware.es', '2007-08-01', '26221011628048788896', 'ES7426221011628048788896', 1, 2),
	(90, 'Sara', 'S谩nchez', 'Asensio', '09548206D', 'ASS00@Asoftware.es', '2007-05-01', '12548521518742146695', 'ES9712548521518742146695', 1, 14),
	(91, 'Encarnaci贸n', 'S谩nchez', 'Herrero', '09570211A', 'HSE00@Asoftware.es', '2021-05-01', '51556584221251000254', 'IE6851556584221251000254', 1, 5),
	(92, 'Dolores', 'Santiago', 'L贸pez', '09548416N', 'LSD00@Asoftware.es', '2013-10-01', '32541112811220000588', 'DK9032541112811220000588', 1, 4),
	(93, 'Sonia', 'Sevillano', 'Gomez', '09548150E', 'GSS00@APhonSA.es', '2019-09-01', '65645150865168448896', 'AT8365645150865168448896', 5, 9),
	(94, 'Generoso', 'Soto', 'S谩nchez', '71393354C', 'SSG00@TecnoLeonSL.es', '2020-02-01', '26551681807651415636', 'IT3526551681807651415636', 2, 14),
	(95, 'Sergio', 'Sutil', 'S谩nchez', '09611066X', 'SSS00@TecnoLeonSL.es', '2014-04-01', '99558741836555551120', 'HU2399558741836555551120', 2, 4),
	(96, 'Herminia', 'Sant铆n', 'Fern谩ndez', '10405904Z', 'FSH00@TecnoLeonSL.es', '2021-07-01', '62541122421110105611', 'LT9362541122421110105611', 2, 1);
/*!40000 ALTER TABLE `trabajadorbbdd` ENABLE KEYS */;

/*!40101 SET SQL_MODE=IFNULL(@OLD_SQL_MODE, '') */;
/*!40014 SET FOREIGN_KEY_CHECKS=IFNULL(@OLD_FOREIGN_KEY_CHECKS, 1) */;
/*!40101 SET CHARACTER_SET_CLIENT=@OLD_CHARACTER_SET_CLIENT */;
/*!40111 SET SQL_NOTES=IFNULL(@OLD_SQL_NOTES, 1) */;
